tid,ra,dec,primary_transit,secondary_transit,period,phase_difference
TIC 0001003831,130.295165,-16.03628,1518.9708579695666,1519.882292193454,1.65114895631773,0.552
TIC 0001220444,71.527391,-30.623296,1440.6344081176126,1447.4240463055069,7.162065599044558,0.948
TIC 0002020964,133.458629,-25.084257,1519.3024115515789,1519.54368309636,2.9423359119640153,0.08199999999999985
TIC 0002372579,288.917046,-28.689227,1664.78482165687,1671.5609313206119,9.921097604307176,0.683
TIC 0003815360,10.195833,-11.367027,1378.7122109920872,1383.2158517727278,19.581046872350843,0.22999999999999998
TIC 0003816260,10.135067,-6.48088,1390.527157289905,1393.284010178274,13.127870896995152,0.20999999999999996
TIC 0004723156,39.442351,-7.096792,1409.1557394158112,1414.4227479224423,9.490105417353403,0.5549999999999999
TIC 0005703872,143.360351,-39.365419,1517.5175261839124,1512.6005294393153,16.28144617416293,-0.30200000000000005
TIC 0006518047,112.880153,-6.734544,1492.5484493117033,1493.3759946838427,1.851331928723453,0.44700000000000006
TIC 0007695666,65.646765,-41.48337,1429.2434042886318,1443.9182982363047,17.553700894345678,0.836
TIC 0008200343,156.964456,39.901245,1873.1589790184937,1879.339630646797,12.984562244334688,0.476
TIC 0009033144,349.606182,-19.823916,1557.0283326638364,1566.4348646104525,14.145160821979024,0.665
TIC 0009209932,352.503652,-18.692869,1354.7129679823342,1358.0135812857836,3.5225328745456954,0.937
TIC 0010057647,133.330436,53.735809,1842.8089808403809,1854.1121342177516,16.2635300393824,0.6950000000000001
TIC 0010891640,297.762051,25.954311,1685.0681205974263,1684.7219303439867,6.181968811422059,-0.05600000000000005
TIC 0011046410,56.127125,-1.163089,1441.106274555361,1437.28052002547,8.122621082571444,-0.47099999999999986
TIC 0011491822,96.60765,56.285099,1851.9277371299124,1857.4083088331415,9.946591112938655,0.5509999999999999
TIC 0011561667,149.823787,-27.392782,1548.526144202062,1548.5045305858307,3.087659461614192,-0.007000000000000006
TIC 0011748495,129.009904,-34.211172,1521.0999068507842,1523.5385795662512,4.1615575349264615,0.5860000000000001
TIC 0012029932,304.349017,36.12666,1689.6532532167569,1696.6296199657484,10.554261344918896,0.661
TIC 0012723924,336.744624,-17.424449,1357.5026114470695,1351.4305009383675,22.000400393847947,-0.276
TIC 0012915124,304.987068,37.835365,1684.2603800979016,1685.7254394707331,3.1642751033080083,0.46299999999999997
TIC 0013062697,75.58056,-29.586287,1443.3787401809889,1447.262603012275,4.848767579632914,0.8009999999999999
TIC 0013976604,305.840385,38.001861,1713.8816343555409,1716.5228614933055,3.2053727400057466,0.8240000000000001
TIC 0014040050,38.143982,61.538664,1793.0129361578445,1794.2967779179605,10.270734080928593,0.125
TIC 0016288184,253.76889,-28.71056,1635.4531006389016,1635.2394754726774,4.359697269878752,-0.049000000000000044
TIC 0016596302,105.863196,40.204468,1843.776955603146,1844.9102250789722,2.546672979384783,0.44499999999999995
TIC 0016728252,307.793942,41.531516,1685.269121782417,1688.0388308079926,4.850628766331859,0.571
TIC 0016805614,141.849214,39.510297,1876.983460775277,1880.8046863146108,8.491612309630653,0.44999999999999996
TIC 0016805617,141.868211,39.504975,1873.1657257100137,1877.8357292319643,8.490915494455392,0.55
TIC 0021184505,128.852687,12.011641,1495.1795426268511,1492.2954081788487,5.291989812848522,-0.545
TIC 0021499609,148.940265,37.195099,1869.7319352601223,1874.4966206106803,8.478087812380974,0.562
TIC 0022390773,184.178973,-45.867474,1572.0618458816684,1577.4430827457072,11.305119462266283,0.476
TIC 0022937402,109.132744,-38.31893,1491.0649884528118,1491.100938204294,1.3826827493135223,0.026000000000000023
TIC 0023555025,169.035646,-32.65212,1546.0860827045954,1550.7700664046924,4.74567750769707,0.987
TIC 0024133365,238.609993,-27.561,1628.7499911870143,1633.1681416095432,7.069040676046402,0.625
TIC 0024397947,81.662797,-34.616474,1438.777823244376,1438.6555323606628,10.190906976096668,-0.01200000000000001
TIC 0024935204,350.411213,49.386751,1765.5667089768012,1770.796107958555,13.4431850430689,0.389
TIC 0024972851,142.714781,-32.572648,1519.4587471630898,1521.839617087584,4.0217397373212975,0.5920000000000001
TIC 0026542657,291.906092,50.42378,1685.7211925060155,1691.487693066629,11.00477206223912,0.524
TIC 0026801525,355.50574,51.74356,1766.6188160260206,1764.46786450907,3.896651298823522,-0.552
TIC 0027845677,296.464312,50.28615,1640.3385439099582,1662.3905689964665,33.1609399797119,0.665
TIC 0028051929,12.666619,-18.505916,1534.0734564744514,1527.7605990312175,13.634681302881106,-0.46299999999999997
TIC 0028224552,28.083357,25.455465,1766.4235710538028,1771.1585533608281,9.926587645755244,0.477
TIC 0029478974,314.081603,-26.588529,1333.7863691111536,1328.655614750913,12.45328728213775,-0.41200000000000003
TIC 0029847695,23.58084,-8.457809,1387.9766911484592,1390.8307726138203,4.998391357900171,0.571
TIC 0030034081,73.028861,-70.731244,1411.5531160193027,1410.509765077842,2.3446088572149892,-0.445
TIC 0031511621,89.157615,-67.606904,1600.9140241256696,1602.4496439734403,2.6294860407032754,0.584
TIC 0032449963,189.93837,-11.647124,1574.6948064248195,1577.7920395805813,6.520490854235356,0.475
TIC 0033715938,61.013211,-74.453573,1325.2211897692885,1323.8135575406773,1.4392967572711306,-0.9780000000000001
TIC 0033742428,93.161709,-16.81011,1469.0161736132684,1471.6546260263938,4.978212100236445,0.53
TIC 0035481236,101.969024,-16.71568,1469.2263789761662,1470.0319625504096,1.8434406733257025,0.43700000000000006
TIC 0037606218,93.248567,-27.880388,1469.61221486677,1473.2402154792762,7.835854454657059,0.46299999999999997
TIC 0038125059,137.152548,-25.839497,1515.491732681511,1519.5101577102946,4.2299210829301686,0.95
TIC 0038215399,108.077198,36.127106,1842.8746857090464,1844.0160152331118,2.4335384308430053,0.469
TIC 0038462522,61.41434,-63.741097,1598.750079757914,1598.7161525511249,1.3570882715642754,-0.02499999999999991
TIC 0038588414,56.815092,-11.075091,1412.53193986478,1414.958052525315,3.964236373423186,0.612
TIC 0038846515,68.959709,-64.027037,1600.2859560981192,1597.465066017999,2.849383919313233,-0.9899999999999999
TIC 0039576803,263.931052,30.643065,1984.5017316790031,1980.0222934971046,8.597770022837956,-0.521
TIC 0041870248,285.749654,34.602374,1684.32155271415,1685.5594119917228,2.8261627341844635,0.43799999999999994
TIC 0044988465,146.869302,-37.724516,1551.566571975322,1559.0547822685087,7.563848780996657,0.99
TIC 0047757785,279.984413,51.0928,1686.572166008869,1698.394372822204,15.67931938108091,0.754
TIC 0048507019,285.216206,49.089462,1687.3681734583947,1689.9309428295492,5.395303939272367,0.475
TIC 0049003142,164.129796,-34.563931,1544.4674343413074,1546.865244144873,2.502932989108184,0.958
TIC 0049534600,273.693892,-52.818848,1662.0530570955834,1666.4250124448297,7.949009725902455,0.55
TIC 0049671442,95.704181,-26.790052,1472.2371457089498,1472.2203352301299,4.2026197049901235,-0.003999999999999997
TIC 0049677785,351.449247,-11.609895,1354.2304524041294,1354.4026314408097,1.5942503396327434,0.10799999999999987
TIC 0050528312,81.930501,-3.995294,1470.4348721332087,1472.8764975316267,5.273488981464031,0.46299999999999997
TIC 0050743469,83.001666,-0.299087,1473.3636852915893,1476.552016928495,5.73440941889529,0.556
TIC 0050758245,126.821951,-6.409715,1494.992460607069,1497.3536668653717,4.514734719507804,0.5229999999999999
TIC 0051024887,42.154146,62.189709,1797.3367217987054,1798.0559895341835,8.267445235380556,0.08699999999999997
TIC 0051947865,138.757311,-20.120406,1519.523703108614,1515.2233174748958,7.401696443576917,-0.581
TIC 0052449797,100.384464,-30.345266,1470.023061359422,1470.577015630687,2.4511250940924607,0.22599999999999998
TIC 0053122807,102.800661,-35.467813,1510.2062622390206,1527.8623872980247,17.852502587466248,0.9889999999999999
TIC 0055252407,125.65366,-32.714751,1520.0156513946076,1521.3388800631994,2.45042346035515,0.54
TIC 0055489734,110.590377,-11.996023,1500.8179120775203,1504.9827551831113,13.015134704971926,0.31999999999999995
TIC 0055497281,71.717733,-60.603527,1607.2135503320872,1615.232634430149,14.905360777066509,0.538
TIC 0055659311,74.117326,-64.48753,1347.5940720098067,1361.9373580782062,31.113418803469862,0.46099999999999997
TIC 0056023695,113.074465,-14.608123,1492.9118806748415,1497.8924869664265,8.17833545416263,0.609
TIC 0056777828,274.000123,-40.771425,1657.2673755505816,1656.364737273695,1.632257281892605,-0.5529999999999999
TIC 0060735803,210.974917,-29.580271,1607.633469533174,1613.1944658406244,21.144472651902312,0.263
TIC 0062762261,336.502286,-31.536362,1332.1686696373558,1342.744346560214,19.15883500517764,0.552
TIC 0063071165,291.93632,47.309708,1690.1743845601272,1697.6184334059187,13.683913319469696,0.544
TIC 0063459761,308.525065,41.135869,1714.3436011059866,1717.3193782536712,4.363309600710556,0.6819999999999999
TIC 0063459761,308.525065,41.135869,1714.3436011059866,1717.3193782536712,4.363309600710556,0.6819999999999999
TIC 0063644417,308.450618,36.677704,1717.968028083037,1724.1121615018703,6.212470595382519,0.989
TIC 0064366964,338.026275,53.959122,1740.2682321106,1741.994030355481,4.459426989357236,0.387
TIC 0064783257,107.264893,-24.50713,1491.8415941660253,1489.833077809036,3.855117767733922,-0.521
TIC 0065628544,359.285302,55.705704,1765.7528664150104,1769.8251896741624,12.15618883328969,0.33499999999999996
TIC 0067559369,15.932436,-30.398812,1399.873118828797,1409.008225340874,14.710316444568452,0.6209999999999999
TIC 0070442570,339.714443,-33.081348,1332.1526516300391,1340.1062284460654,11.526922921777256,0.69
TIC 0072605231,151.792,-40.471312,1544.8829956435343,1543.158581587798,3.937018392092112,-0.438
TIC 0072782654,85.792594,-0.687443,1471.238009607157,1467.398410287429,6.631432331136597,-0.579
TIC 0073723286,155.636904,-40.516163,1547.302547757778,1533.3213674671106,14.065573733065817,-0.994
TIC 0074528318,137.657215,-43.082225,1520.1200779786532,1522.095512515829,4.670058007507671,0.42300000000000004
TIC 0074528791,137.7405,-43.267479,1519.8983873053232,1520.6931025886959,1.802075472500064,0.44099999999999995
TIC 0075969405,226.701238,-35.082625,1601.874745372997,1605.1760363414498,4.610741576051334,0.716
TIC 0077030554,354.015019,-32.623406,1355.8973065363834,1362.1827762877024,10.287184535710344,0.611
TIC 0077320223,41.55176,33.774902,1799.1006838992816,1802.9992478405877,8.606101415686616,0.45299999999999996
TIC 0077951245,79.004915,-31.412691,1443.1671984719976,1443.2100577217498,10.714812438027543,0.0039999999999998925
TIC 0078817217,103.320329,-19.585643,1478.6279505240288,1480.86791901059,17.77752767111915,0.126
TIC 0080025900,121.009795,-46.339543,1519.1361615781605,1521.5589513197904,4.058274274086975,0.597
TIC 0080659292,122.048574,-44.348197,1491.799832585012,1493.74053650021,1.992509153180861,0.974
TIC 0081390067,46.36477,61.654912,1794.9368753813687,1797.602079038768,7.702900743928223,0.346
TIC 0081609273,123.400639,-46.991624,1521.1239649133868,1520.823960806558,4.838775916591518,-0.062
TIC 0083905462,3.964834,60.431567,1768.793125437901,1772.4708901861932,9.652925848536189,0.381
TIC 0087251422,78.490397,56.507944,1825.1662881952489,1828.1411460866786,7.066170763490988,0.42100000000000004
TIC 0088589037,323.329125,25.690636,1714.4779851000474,1715.0931095268807,1.171665574920464,0.5249999999999999
TIC 0088916475,123.021113,-5.355121,1492.1167581512552,1494.885129935612,11.29947667084394,0.245
TIC 0089522181,301.36537,31.971696,1684.2373225799936,1685.8825904075725,2.3470297112394336,0.7010000000000001
TIC 0092132775,193.242114,15.029948,1934.5959839883053,1938.1619492730447,13.92955189351292,0.256
TIC 0092132777,193.242306,15.031521,1934.5960564703048,1938.1619997810735,13.92946605769047,0.256
TIC 0092743594,129.001624,-53.615113,1519.141420345377,1521.5329521856756,4.225321272612517,0.5660000000000001
TIC 0093911780,130.605778,-53.113981,1525.6402732965385,1516.4776689900427,16.843022622234788,-0.544
TIC 0094368565,58.503721,33.558574,1793.2455829404375,1786.056736737894,15.904526996777577,-0.45199999999999996
TIC 0096106862,147.206069,-8.493452,1520.3191555842848,1522.8368990063707,5.379793636935887,0.46799999999999997
TIC 0098337456,188.486485,26.940042,1905.661263332548,1912.688920295556,11.615961922327289,0.605
TIC 0099813351,310.338122,32.906709,1684.474844037521,1693.1857205186388,16.373827972025722,0.532
TIC 0099982385,310.432465,32.774026,1691.6365019250702,1690.7638756933172,18.566515569213397,-0.04699999999999993
TIC 0100099031,24.272372,-46.945333,2088.394261827837,2089.6469639592474,1.2981369237414169,0.965
TIC 0100508429,85.743853,-33.120407,1439.7021629987523,1439.6603279561705,3.2180801986077037,-0.013000000000000012
TIC 0101220458,55.584755,32.09194,1797.41767155559,1791.4943338121996,7.312762646161151,-0.8099999999999999
TIC 0102841799,127.394945,66.000324,1847.3352322193389,1849.2404253836332,5.262964542249482,0.362
TIC 0103566595,68.377832,72.528607,1816.2145376111123,1815.6734535231465,4.194450294308759,-0.129
TIC 0103605167,151.250788,70.229211,1688.1726698802863,1694.3038976456435,8.456865883251249,0.725
TIC 0104909909,300.60635,35.669852,1684.4069236713035,1685.7864758778746,2.573791430169895,0.536
TIC 0107012110,162.044566,-40.000856,1571.5208195256637,1572.766635838206,3.0311832421952927,0.4109999999999999
TIC 0112099606,209.571917,-30.076578,1606.2962664880863,1610.3595624180432,10.286825139131343,0.395
TIC 0115275539,25.950511,-38.729662,1387.9238965429763,1389.133356882503,1.7630617194267553,0.6859999999999999
TIC 0115980439,84.739528,30.434016,1815.7401371052208,1817.9463724212346,2.3077775272111047,0.9559999999999998
TIC 0116853937,85.906702,33.418457,1816.1608145676444,1816.9349808140546,1.686636702418789,0.45899999999999996
TIC 0118313102,128.601542,-54.66753,1518.556196525303,1514.85390574307,9.255726955582212,-0.4
TIC 0120258315,284.50791,38.266188,1684.2046227042856,1685.971924302647,2.9115347584209865,0.607
TIC 0120610833,5.237475,-35.998263,1354.7742699013909,1354.9118194753744,3.1261266814456565,0.04400000000000004
TIC 0120684604,285.886351,39.683436,1686.5546491195212,1687.2814243546616,2.18908203355554,0.33199999999999996
TIC 0120826158,286.362429,37.026099,1687.8386077053103,1692.8475758428806,5.179905002657971,0.967
TIC 0122275115,76.529928,41.732421,1821.77892522689,1829.6574213481751,16.727167985743495,0.471
TIC 0122304494,290.132694,38.513677,1685.9867346438614,1685.4871341228875,2.921640473531752,-0.17099999999999999
TIC 0123222370,143.504633,-2.340109,1520.7605238695664,1523.486541137245,8.967162064732296,0.30400000000000005
TIC 0124095230,196.274145,-31.436721,1567.9799427292628,1569.0206074683165,10.619027949528068,0.09799999999999998
TIC 0124642273,104.63661,-9.442303,1492.9939079459512,1493.0087172041478,1.2341048497186753,0.0119999999999999
TIC 0124651221,104.575199,-6.183649,1490.6387364024506,1494.5647568021323,7.421588657243309,0.5289999999999999
TIC 0124912666,256.374196,-43.822293,,,8.111904170665204,-0.18300000000000016
TIC 0125175122,123.155653,-13.948111,1493.9384740453092,1499.6595348473354,9.6476573389984,0.593
TIC 0125501325,105.852325,-10.704536,1495.6852569832354,1497.973574540296,4.383750109311735,0.522
TIC 0131625230,147.83947,-52.888385,1544.013927254386,1544.0891842437632,2.213440864029236,0.03400000000000003
TIC 0132448273,119.625087,-40.51204,1493.6706992006425,1493.8308076641388,2.255048781637999,0.07099999999999995
TIC 0135088521,185.215375,23.320752,1904.4043825054105,1919.1738865146847,17.114141378069764,0.863
TIC 0137341354,291.718105,41.389963,1684.3120516000088,1686.78858468783,5.407277484326038,0.45799999999999996
TIC 0137549183,292.291973,38.284467,1685.6403962159454,1690.5372578339125,10.265957270371366,0.477
TIC 0138333980,95.512734,34.597352,1850.778357664056,1852.5493023978063,17.888330643940808,0.09900000000000009
TIC 0138971570,295.217482,39.91003,1684.514608318358,1685.9534035184472,1.5018739040598097,0.958
TIC 0139460937,39.078719,40.20484,1790.9407917407684,1792.30613017232,4.063507236760582,0.33599999999999997
TIC 0139699256,322.427402,-50.342173,1322.451033391581,1319.6413519197233,5.95271498274943,-0.472
TIC 0139704026,66.605271,-22.727526,1419.854795244774,1400.3312221292854,25.75669276449685,-0.758
TIC 0140659978,72.453326,-72.463231,1469.8769022796362,1474.8518325770378,9.440095440989992,0.527
TIC 0140659980,72.473353,-72.462619,1602.03731647548,1607.0122344800475,9.4400721149286,0.527
TIC 0141809359,92.642747,-73.786615,1607.7192653825734,1612.0108840568428,12.157559983765616,0.353
TIC 0141978095,96.260487,-76.090951,1609.4985740660718,1613.2460952731299,12.833976736500537,0.29200000000000004
TIC 0142262969,180.593623,-31.373656,1573.3430063874289,1584.0172809279481,15.514933925173311,0.688
TIC 0142618244,170.601805,73.075515,1843.882637935098,1846.0478358525515,4.779686351994276,0.45299999999999996
TIC 0143117999,93.766204,-8.627154,1470.1194366890888,1469.868603696052,5.70074984174617,-0.04400000000000004
TIC 0143350972,82.246367,-17.429241,1439.758370959758,1438.7642316864842,1.0817619948572734,-0.919
TIC 0144000467,336.263106,-53.810278,1333.2943312346652,1338.5886941467247,8.883159248421924,0.596
TIC 0146039664,123.461434,-35.208267,1521.6081638875655,1524.4798980873202,17.836858383569048,0.16100000000000003
TIC 0147686743,189.90193,64.674345,1725.7049330940008,1731.8329383945695,16.168879421025743,0.379
TIC 0147975720,99.597236,-37.241902,1472.0430224289098,1472.080075322668,2.850222596790697,0.013000000000000012
TIC 0148158540,229.7349,-40.788222,1601.2887523140964,1602.381837667163,1.8495522048503408,0.591
TIC 0148611095,165.214805,-7.268897,1546.9841059878916,1549.0738929614283,4.837469846150178,0.43200000000000005
TIC 0148612685,165.344374,-11.898994,1544.4868415483288,1546.8015212725084,5.0101292731159335,0.46199999999999997
TIC 0148914403,187.183092,68.920246,1690.4929937180991,1696.4555974186192,18.290195400368063,0.32599999999999996
TIC 0150031040,91.134342,-62.514434,1637.1890189550536,1637.9114590008976,9.76270332221591,0.07400000000000007
TIC 0150187916,93.714114,-62.283925,1599.304120607902,1598.6522511697954,1.1162147912782654,-0.5839999999999999
TIC 0150251466,155.362294,47.870745,1876.4672836619009,1885.7579599721337,12.387568413643717,0.75
TIC 0150284425,117.31104,-35.243286,1491.992257227185,1493.1249334418847,3.004446192837128,0.377
TIC 0151267228,118.623016,-35.867113,1497.2190120690368,1494.177831676294,9.160181905851816,-0.33199999999999996
TIC 0151516273,87.463019,-43.364639,1438.795366154413,1439.3302151711887,1.1780815347482514,0.45399999999999985
TIC 0151826930,168.055354,-37.577303,1546.0428884667306,1547.3339252417957,2.69527510452013,0.479
TIC 0153077619,49.661631,-42.642108,2139.1996024257246,2128.716895847922,16.353676408428196,-0.6409999999999999
TIC 0153741139,66.382118,-46.218813,1424.787682899245,1432.6007142499727,16.588176965451456,0.471
TIC 0155989956,7.405896,-53.536067,1361.782358613712,1379.427294849378,17.859247202091233,0.988
TIC 0156325724,124.580921,-29.389675,1504.5472324064676,1511.699537715161,11.725090669989044,0.61
TIC 0156577475,90.823631,11.136046,1468.6712450944503,1471.6250679679958,3.1257384905243644,0.945
TIC 0156921656,109.195249,41.98343,1843.7819956419928,1848.0225802542163,4.349317550998558,0.975
TIC 0157999789,213.50751,81.821001,1831.1547049764133,1849.3227367843601,26.1410529610744,0.6950000000000001
TIC 0158491288,287.631847,46.298705,1694.344570741628,1698.138805045646,12.083548738910306,0.31399999999999995
TIC 0158582801,21.86097,-49.470798,1354.7941462144126,1355.8105248511138,1.080104821148879,0.9410000000000001
TIC 0158713903,165.356167,-37.171676,1546.4384566208932,1544.3968932877365,3.5943016428816104,-0.5680000000000001
TIC 0159510109,247.535191,80.307479,1696.6959122149954,1705.7973656432052,16.9487028458284,0.5369999999999999
TIC 0159716878,291.356975,42.493631,1675.8579656175457,1673.5173368139365,16.60020428091681,-0.1409999999999999
TIC 0159897979,48.849246,-38.999794,1385.7715594718404,1391.3654332483256,14.054959237400016,0.398
TIC 0160328766,91.297,-32.730912,1470.0264426494273,1472.2963255353004,10.317649481241766,0.21999999999999997
TIC 0161840630,241.612702,57.593702,1712.174850452186,1710.0466542851022,2.130326493577364,-0.999
TIC 0161988269,262.303855,-31.534285,1628.8627156523,1630.064380902993,2.513944039106533,0.478
TIC 0162035117,330.739064,31.146325,1716.863453939209,1727.6598987041068,13.150359031544363,0.821
TIC 0164552564,283.607321,43.004158,1687.829302904892,1682.7209891871632,5.588964680228491,-0.914
TIC 0165148663,91.575555,-44.037643,1439.087524496829,1440.75865762485,1.9614238591794293,0.852
TIC 0165626871,228.035391,55.919363,1745.052241234626,1748.6523336064895,8.257092596016752,0.43600000000000005
TIC 0165725822,203.987291,-39.106484,1605.6405246026052,1609.5451991290577,11.690642294767835,0.33399999999999996
TIC 0165991532,211.097331,64.375868,1696.0239916869434,1708.9812886979726,51.41784528186172,0.252
TIC 0166833457,58.428836,-34.328218,1413.165477136642,1415.4170910628288,2.9626499028773323,0.76
TIC 0167304040,98.007507,-67.843945,1549.1998285548052,1552.499276905655,5.819132893915094,0.567
TIC 0167692429,102.716031,-63.431113,1330.5756589140824,1336.127859646491,10.262847934211912,0.5409999999999999
TIC 0168426455,106.883416,-1.309464,1493.8319365527143,1495.502546121805,3.867151780302277,0.43199999999999994
TIC 0169467727,297.525486,41.261811,1686.713973038804,1676.445760146965,19.633294248257865,-0.5230000000000001
TIC 0169815759,297.655528,40.599758,1689.815605611347,1697.4212269678942,12.427485876711106,0.612
TIC 0170344769,298.150085,40.656206,1694.4066643951571,1699.4395862536815,11.259333016833123,0.44699999999999995
TIC 0172193428,98.532011,-28.404239,1490.851314209854,1488.1012614682102,2.941232878763483,-0.9349999999999999
TIC 0173432542,112.050978,-35.947768,1493.214590750888,1494.2862737399448,5.055108438946899,0.21199999999999997
TIC 0173756896,112.874365,-36.627353,1495.6151626610126,1500.1288274017313,11.340866182710071,0.398
TIC 0178051504,107.818051,-11.293202,1492.5994499124072,1493.3690445708557,1.4631077156814845,0.526
TIC 0178168644,108.150534,-10.712231,1492.352888226806,1491.3662201037653,1.0926557287272007,-0.903
TIC 0178352046,61.8235,-23.6447,1418.0222090660525,1423.6719425045321,5.776823556727607,0.978
TIC 0178938417,68.275881,-24.013307,1443.0012232066,1442.0864866017816,6.265319211083487,-0.146
TIC 0179966966,215.252173,-39.398192,1601.5917342633554,1602.40448680933,1.5481000875704989,0.525
TIC 0183529462,359.535624,-33.13215,,,14.984493721165377,-0.438
TIC 0184008771,295.438286,40.84357,1691.235690807926,1694.984227553846,11.025108076235531,0.33999999999999997
TIC 0184298625,296.051781,39.394978,1686.1789997001536,1689.1272436772251,9.5412426442448,0.30900000000000005
TIC 0186942457,33.758725,37.266682,1796.2434716053451,1795.9369259278621,12.77273656179125,-0.02400000000000002
TIC 0189084771,233.842581,-53.429164,1638.470778227037,1644.1407866662516,15.079809678762468,0.376
TIC 0189349514,142.328851,-29.628162,1545.3609816838791,1547.7545304082912,2.5142318533741053,0.952
TIC 0192201543,105.744237,42.060388,1845.8689984277253,1837.9410252086964,17.462496077156104,-0.45399999999999985
TIC 0194303300,2.232508,36.766441,1766.723181970876,1767.216069994364,2.5019696623750067,0.19699999999999995
TIC 0197570458,325.994167,-38.017428,1332.332753346732,1334.6562175899319,7.617915551475006,0.30500000000000005
TIC 0198382308,257.408899,57.006243,1931.0174753337567,1931.2855778893422,2.311228927462317,0.1160000000000001
TIC 0199661915,251.324505,56.781888,1716.4266407802206,1709.4547229140503,8.399901043578785,-0.83
TIC 0199708835,253.490731,55.557261,1965.291140803649,1968.5093444951906,10.120137394785496,0.31799999999999995
TIC 0199709055,253.544738,56.365152,1930.2977545030371,1932.1641328681312,3.054629075440535,0.611
TIC 0201924791,41.512625,-56.93348,1362.58188732297,1366.7809370700606,13.63327839964508,0.30800000000000005
TIC 0202442982,227.971132,63.653294,1684.8347830302716,1684.949809289618,2.7387204606308932,0.041999999999999996
TIC 0203001339,304.643248,33.26924,1689.5714579464357,1695.2113191227822,9.067300926602307,0.622
TIC 0206537129,332.916123,-23.31662,1326.9839531851103,1328.3508216005318,1.525522785068751,0.8959999999999999
TIC 0206856569,96.958433,10.696697,1475.6372767269525,1468.9830556643492,8.017133810365381,-0.8300000000000001
TIC 0207080350,320.918984,-39.778802,1332.7682100355053,1335.646118700151,9.107305900777764,0.31599999999999995
TIC 0207528978,206.775822,-59.421847,1597.7600173172912,1597.4541964564112,1.2232834435197193,-0.25
TIC 0207693951,243.707811,-55.544545,1628.2344391681006,1629.3128679229835,2.716445226405581,0.397
TIC 0213514265,257.757647,-52.050881,1628.2501787972312,1629.1835907071202,2.327710498476377,0.401
TIC 0216190934,245.565581,-50.974073,1627.8068485923382,1628.8955618747998,2.6749712099792458,0.40700000000000003
TIC 0217059369,259.614166,-42.982083,1632.0200091027011,1634.3837564928524,5.682085072478827,0.41600000000000004
TIC 0218821972,263.347078,-44.259856,1630.0781075164327,1626.6746676523176,3.537879276627008,-0.962
TIC 0219187649,171.206071,-18.617318,1545.746504008173,1545.8025100229272,2.1540774905536155,0.026000000000000023
TIC 0219238496,64.49655,-48.395879,1391.279863397643,1394.3699437681407,6.505432358942543,0.475
TIC 0219362976,75.114103,-49.423981,1415.8603508604456,1427.746371136987,15.954389632941265,0.745
TIC 0219707463,136.59349,68.445146,1684.2139997831453,1684.3401981919937,4.5070860303010765,0.028000000000000025
TIC 0219771660,262.980371,62.54581,1934.1827307685787,1943.9085649755386,14.494536821102724,0.671
TIC 0219807735,266.617499,61.196462,1919.5595741656448,1938.4019389152031,21.732831314369463,0.867
TIC 0220015845,32.364273,-49.553708,1364.8300440342614,1379.6320927959707,26.33816505642217,0.562
TIC 0220359766,155.054267,-52.194268,1544.2066506935016,1545.8820485000908,1.7598716455768575,0.952
TIC 0220430912,73.117684,-55.697057,1354.8421722731182,1355.8076891552796,2.0326671203398257,0.475
TIC 0220435095,73.641434,-57.513549,2038.6275896381103,2038.4085117702186,3.423091685807926,-0.064
TIC 0229597404,273.472351,72.166065,1959.7290591940384,1962.513881093253,6.372590158386156,0.43699999999999994
TIC 0229679814,197.906592,-28.420527,1570.2643336519338,1564.4695855801797,10.593689345071398,-0.5469999999999999
TIC 0229715760,278.98941,70.160829,1961.552506403846,1956.0314707120501,11.57449830565202,-0.47700000000000004
TIC 0229811538,198.635676,-24.144202,1578.395102478219,1581.5571226158397,11.540219480367355,0.274
TIC 0230065962,230.52851,70.077514,1875.2047778473227,1880.6620578241236,15.956958996494183,0.34199999999999997
TIC 0230086768,246.624584,66.143614,1771.057107745486,1779.928552048098,34.92694607327507,0.254
TIC 0231010756,25.796018,-58.010114,1354.577004838912,1356.616860456223,3.784518770521649,0.5389999999999999
TIC 0231081369,68.073652,-66.916366,1551.171109295136,1543.9746505922246,7.631451434688574,-0.943
TIC 0231205049,100.913089,7.016445,1471.1055634525144,1473.3137877077725,3.09708871705208,0.7129999999999999
TIC 0231275247,41.835439,-51.452888,1358.1205885847016,1354.168797471218,4.0079017378129445,-0.986
TIC 0231828370,23.02049,-63.049552,1326.1728051492985,1324.8858534803442,1.37201670464211,-0.9380000000000001
TIC 0231851620,27.305462,-63.516602,1355.6701385310166,1357.7627400556541,3.7168765979350495,0.563
TIC 0232185093,91.381273,5.966188,1471.5454625580237,1473.9811522341502,4.469155369039172,0.5449999999999999
TIC 0232612416,259.023619,63.105956,1931.2893281412412,1931.4419327900641,4.360132823512612,0.03499999999999992
TIC 0232643392,281.614274,54.276989,1690.1318698898676,1694.6814446836229,9.86892579990306,0.46099999999999997
TIC 0232985036,242.380007,67.364998,1930.6870286815667,1930.184325535661,1.4656068393758117,-0.34299999999999997
TIC 0233058262,269.49618,64.068644,1961.058406103661,1968.915566863968,26.278129633133936,0.29900000000000004
TIC 0233058265,269.477568,64.069102,1961.0502090264563,1942.6534028565886,26.28115167123952,-0.7
TIC 0233211759,266.772713,70.779617,1744.3893995165554,1750.5019491403589,100.20573153776353,0.06099999999999994
TIC 0233679640,260.336652,60.058201,1932.2174213036749,1934.297688829434,4.398028595685304,0.473
TIC 0233964642,36.49875,-63.647547,2080.7226539266094,2093.5861746854107,17.91576707353921,0.718
TIC 0234347951,39.106047,-70.970592,1331.372733462052,1349.7135914937542,23.304775135580808,0.787
TIC 0234840976,98.002534,4.878022,1468.3503904492752,1469.4920410211605,2.4085455103066367,0.474
TIC 0235073057,86.032424,-44.792843,1440.4166912684238,1437.5067032349434,3.489194284748616,-0.834
TIC 0236046394,313.014906,34.657634,1714.749414799821,1716.4932382434733,2.9962602124613555,0.5820000000000001
TIC 0237117591,269.902752,55.038084,1955.5506268329373,1959.1868558786018,6.796689804980577,0.5349999999999999
TIC 0237277760,299.119877,73.615977,1683.4848055064206,1681.8734440279093,1.6820057186965856,-0.958
TIC 0238229705,59.162724,-75.066274,1646.7233454124798,1620.034840485178,31.47229354634652,-0.8480000000000001
TIC 0238896417,93.679686,-50.211048,1446.0846714933834,1453.4757983509492,16.24423485179271,0.45499999999999996
TIC 0238896431,93.66277,-50.189919,1446.0794243414102,1453.4551866931358,16.246172580893614,0.45399999999999996
TIC 0239673325,64.8767,34.38348,1818.595003381344,1818.0969872019502,2.5408988744581897,-0.19599999999999998
TIC 0240911922,17.611064,51.781458,1785.273895625057,1790.7060189362076,12.098270180735822,0.44899999999999995
TIC 0240962482,18.995662,52.777787,1794.3498125707906,1796.6810066668877,4.4744608370386985,0.521
TIC 0241017747,20.169053,51.594771,1763.5067776797416,1762.4445725891226,2.329397128550351,-0.45599999999999996
TIC 0243391162,205.059126,-45.716465,1598.698822201875,1599.2783741517374,1.5171517012105151,0.382
TIC 0243391171,205.060349,-45.709922,1598.7000145631037,1599.2749543895468,1.5169916264992531,0.379
TIC 0248074315,192.959229,-42.822252,1580.91425219335,1587.4080632503592,15.723513455228192,0.41300000000000003
TIC 0250195155,65.170708,-1.739823,1445.1579180327828,1447.8650524062111,6.4763980225556175,0.41800000000000004
TIC 0250196734,65.218471,-2.62542,1439.8718476263102,1442.4372642697003,7.703953884054438,0.33299999999999996
TIC 0252906811,104.412065,49.864978,1844.1733701235496,1840.4344635146156,4.598901117999918,-0.8130000000000001
TIC 0253826623,283.224794,-40.297631,1667.3316700749338,1671.3326311893327,18.353032634857136,0.21799999999999997
TIC 0255319384,239.631702,-42.74269,1629.2564548594785,1627.9359566066641,2.296518700546745,-0.575
TIC 0255350388,239.710636,-44.957708,1628.10737111456,1628.895161775857,1.6905378997790323,0.46599999999999997
TIC 0255587619,96.840903,-53.103081,1468.9126505205832,1474.1826178079243,9.427490675029048,0.5589999999999999
TIC 0258108067,238.80156,26.486266,1966.4558917550385,1975.404303354193,12.968712462542832,0.69
TIC 0258389327,296.710087,70.071945,1557.2144320926486,1568.8158428834063,26.54785077976592,0.437
TIC 0259070502,113.44986,-14.523901,1492.246511130232,1497.1076734926896,11.200834936538405,0.43399999999999994
TIC 0259543079,71.630531,-53.129266,1392.0663558662554,1383.0382418491834,40.30408043335788,-0.22399999999999998
TIC 0260132330,92.597023,-56.377722,1417.5512423785146,1432.237906409618,17.298779777506912,0.849
TIC 0260502102,96.515995,-59.016167,1600.0802653311275,1602.4577080167558,7.315208263471821,0.32499999999999996
TIC 0260536927,96.948218,-59.215777,1599.423616306127,1599.4866424784877,5.729652032795327,0.010999999999999899
TIC 0260756218,347.269414,-67.643391,1326.9611018454111,1325.3881855472239,1.9563635549592315,-0.8039999999999999
TIC 0261261490,90.429076,-79.785084,1583.9839601894598,1672.061489542455,113.06486438125188,0.7789999999999999
TIC 0261335113,92.334867,-80.69427,1322.1351758532492,1318.3788412173526,8.130594449992568,-0.46199999999999997
TIC 0261656371,20.218095,-80.316844,1337.235014143797,1340.0483801379987,7.195309448086793,0.391
TIC 0264679887,82.114993,1.300251,1475.7574753612037,1485.1177972995342,13.785452044669327,0.679
TIC 0265435357,316.179431,-77.02377,1655.0527769550824,1656.5548342640802,2.8775044233675486,0.522
TIC 0265767012,59.936152,48.151247,1817.7643810703769,1818.7093745558286,1.7435304159625538,0.542
TIC 0266958963,61.908467,50.590495,1563.6022528836306,1562.0286167084726,2.3628170798169057,-0.6659999999999999
TIC 0266958963,61.908467,50.590495,1563.6022528836306,1562.0286167084726,2.3628170798169057,-0.6659999999999999
TIC 0267703012,63.42479,50.558381,1817.105027145507,1817.73357366986,1.3344936822783524,0.47099999999999986
TIC 0267803830,10.86575,32.664177,1766.0633591346789,1769.3973571962827,3.3847696056891436,0.985
TIC 0268380299,298.800203,46.665563,1691.7060442307427,1694.852434405382,8.480836050240512,0.371
TIC 0268529943,14.495631,-19.829852,1388.6706272086722,1392.3501217665432,4.303502406866796,0.855
TIC 0269347089,148.165763,-60.23223,1574.9445615013178,1579.69387869232,8.259682071308177,0.575
TIC 0270622440,358.81954,-31.884271,1354.3628222162574,1355.651368853672,2.4450600330447445,0.527
TIC 0270622446,358.819126,-31.921472,1354.35963311091,1355.643294303498,2.4450689382628417,0.5249999999999999
TIC 0270648838,136.700664,5.464664,1521.7461372766186,1525.334741155242,7.6353274013262205,0.47
TIC 0271040947,294.460771,46.589734,1696.2077403403796,1703.9000790409498,19.230846751425307,0.4
TIC 0271596290,108.508629,-74.711148,1599.2838096004605,1599.2786797005863,1.282474968520772,-0.0039999999999998925
TIC 0271773721,295.62894,46.051357,1694.9194653352356,1700.1833296940854,21.573214585450188,0.244
TIC 0271864083,126.072105,-26.548119,1518.303212492434,1518.8221499609103,1.166151614553453,0.445
TIC 0272074664,295.854442,45.892222,1688.599965136426,1693.597083337099,10.47613878547819,0.477
TIC 0272086869,115.674264,-72.53147,1627.9815175321085,1629.7538183045997,3.982698365148748,0.44499999999999995
TIC 0272368236,296.408203,44.963742,1687.1287632118433,1686.5240553851984,5.304454619692518,-0.11399999999999999
TIC 0272369124,296.435823,44.641559,1704.3594522315034,1714.8959379172084,27.800753788139605,0.379
TIC 0272532173,356.12999,61.986865,1767.1739074623022,1769.0466195217823,3.2739721319582347,0.5720000000000001
TIC 0272650576,233.239504,70.704391,1878.0291241788384,1885.4747124546604,16.256742960310053,0.45799999999999996
TIC 0272822330,356.574699,62.025946,1767.3793637667677,1768.662244105457,4.501334521716175,0.28500000000000003
TIC 0273042650,297.181743,45.98846,1682.162335901892,1688.2541671242884,6.153364871107472,0.99
TIC 0273131564,297.313156,46.448208,1684.0454803974417,1687.072782947674,7.863123507097247,0.385
TIC 0273574141,297.923183,43.256281,1683.9033354892565,1682.853501947923,1.0756491202188625,-0.976
TIC 0273582296,297.894438,45.211204,1719.0523578067257,1728.6357282368838,28.02155096537448,0.34199999999999997
TIC 0273697554,339.451588,-80.918438,1659.6554970499471,1663.812833241,11.878103403007774,0.35
TIC 0274039311,48.652121,2.75455,1412.6829490530945,1413.0381703048333,4.554118612036507,0.07799999999999985
TIC 0274347939,300.580751,39.9191,1683.146052974358,1686.553151768326,4.853417085424281,0.702
TIC 0274575202,254.825313,53.807287,1740.3039276148388,1746.939715556858,9.203589378667273,0.721
TIC 0275576176,293.2332,46.600144,1690.8318629409528,1681.101263619658,15.644050355779251,-0.622
TIC 0277649549,329.040868,-60.229448,1329.101681551306,1331.7244549552377,14.490460795202734,0.18100000000000005
TIC 0277848666,321.01196,52.449151,1712.732225740105,1713.4774404998432,1.4276144822571697,0.522
TIC 0278413303,116.876723,-81.596432,1598.428211574451,1599.3016290866165,1.8426529792518829,0.474
TIC 0278826996,100.333704,-54.021046,1468.4022822989011,1483.2390686205206,19.168974575735646,0.774
TIC 0279097963,50.657977,-0.528456,1414.4983842705187,1418.6554522389924,10.524222704996498,0.395
TIC 0279537689,59.400707,-14.164628,1441.055617019285,1440.5357432809587,11.552749740579948,-0.044999999999999984
TIC 0279741942,51.81984,-61.259147,1357.7612533672243,1361.6280277502733,14.21608229062151,0.272
TIC 0280052690,45.447123,-76.20321,1325.5984801363886,1325.7039462706691,2.8504360616335265,0.03700000000000003
TIC 0281114303,68.86226,71.583178,1819.1344576677168,1820.5046293752591,2.9657396267150484,0.46199999999999997
TIC 0281341249,110.219682,-21.575063,1493.7589215076562,1496.1203585839692,4.3811448540129865,0.5389999999999999
TIC 0281924357,129.757061,-74.763205,1584.4539031774566,1593.1622700497433,15.040357292377742,0.579
TIC 0283193372,299.625636,26.503877,1688.4601398543234,1694.174728133015,12.030712165666216,0.475
TIC 0284050381,8.993405,65.033493,1790.6743023844251,1789.8344021922826,1.3590617995832883,-0.618
TIC 0284350181,238.027062,29.06227,1976.6771181555628,1990.6967657441764,18.894403758239328,0.7419999999999999
TIC 0284613090,109.106475,5.814787,1503.4239546343067,1508.2538771685136,11.554838598581137,0.41800000000000004
TIC 0284783117,233.601961,-54.900208,1626.3088655204806,1633.9094620436147,11.243485980967655,0.6759999999999999
TIC 0286310830,170.439524,-8.837164,1545.836155305396,1549.4179125766916,8.368591755363376,0.42800000000000005
TIC 0286358203,38.059596,30.577177,1791.2796177948474,1787.833211096149,4.669927776014152,-0.738
TIC 0286566392,45.757777,64.651512,1791.828374745473,1792.589349349693,1.4467197798863118,0.526
TIC 0287321618,263.885024,23.17514,2014.520783448759,2011.976564994229,18.436365612536868,-0.138
TIC 0287841093,84.232605,-8.799327,1462.2674544619315,1473.154952050473,17.70324811144936,0.615
TIC 0288027491,135.861941,-75.502901,1580.468391484379,1591.6446606618636,32.20826852300997,0.347
TIC 0289044378,22.522679,73.758839,1809.248887690287,1816.5546506342878,24.849533823132383,0.29400000000000004
TIC 0289597948,131.758108,-15.201013,1519.3096989431406,1521.6692205194497,5.51290087922699,0.42800000000000005
TIC 0290476605,139.166575,0.729039,1518.3769600498197,1521.1054830055855,5.744258854243648,0.475
TIC 0291385340,94.363959,11.004862,1468.065925132042,1478.5666342688737,15.719624456334891,0.6679999999999999
TIC 0291572619,279.1368,-32.7392,1656.403762,1656.5357472904625,1.4998328461645285,0.08800000000000008
TIC 0292317374,31.698742,43.923228,1792.330232251356,1797.7918775518897,9.320213823436353,0.5860000000000001
TIC 0292607284,32.93019,45.760657,1792.9129048339614,1794.3820406815253,4.138410838207731,0.355
TIC 0293689267,97.962087,-43.53483,1470.2166379411844,1465.0642807642737,14.805624071582342,-0.3479999999999999
TIC 0294206429,108.042298,-59.839414,1438.4364959290176,1438.9387093306268,1.0550701714480282,0.476
TIC 0294261093,168.842305,-66.511941,1568.5421231654184,1569.748998251661,2.6583151679355,0.45399999999999996
TIC 0295804815,304.070002,47.996731,1684.3444749953371,1684.4636991622351,1.5285149602293195,0.07799999999999996
TIC 0296672022,223.933538,-60.951618,1625.6079432302508,1627.6672315386672,3.4668153340345116,0.5939999999999999
TIC 0297701617,241.785338,-60.357549,1632.583305948476,1630.8398077463448,18.54785321416039,-0.09399999999999997
TIC 0297899564,55.016947,81.019179,1820.4202199159176,1825.2511073947487,7.971761516222861,0.606
TIC 0299702740,143.752655,-50.80995,1545.1570705678766,1545.82080777254,1.4652035423034606,0.45299999999999996
TIC 0299903137,97.359855,-25.224845,1473.339308901776,1481.995267023513,18.30012287893673,0.473
TIC 0300161053,109.152653,-70.495798,1607.31477446576,1614.99280754947,13.306816436239044,0.577
TIC 0300446210,111.590806,-66.290737,1626.780752652995,1624.3502045720302,7.865851394708281,-0.30899999999999994
TIC 0301741193,40.043541,48.906077,1793.5180810845584,1789.4656268324309,6.868566529029787,-0.59
TIC 0301741204,40.034239,48.899711,1798.853341271015,1802.5134488426143,6.6790284153270285,0.548
TIC 0301909087,40.318807,48.938555,1791.669800976635,1791.5404586396667,2.230040292557773,-0.05800000000000005
TIC 0302043038,132.339224,-70.564095,1546.6530544481109,1556.5520066977738,16.721203124430538,0.5920000000000001
TIC 0303351921,308.365502,50.683356,1714.083777425839,1719.6143067159308,5.889807550683518,0.9389999999999998
TIC 0303427297,164.189807,-57.755857,1569.9457152534158,1571.9654802227142,4.297372275102982,0.47
TIC 0304101379,27.601308,-73.770357,1355.9792414714427,1357.515705641749,3.2143601889252538,0.47799999999999987
TIC 0305466425,314.800265,63.470288,1959.0172734088223,1955.7295106810707,3.291053781533096,-0.9989999999999999
TIC 0306059878,87.262751,54.03251,1816.126079373552,1811.4817865162318,11.78754532314784,-0.394
TIC 0306107122,264.245653,-62.934873,1630.4366643230828,1633.137085525768,7.7598310421986305,0.348
TIC 0306263608,30.904272,21.280864,1767.4037992563865,1770.9784003223926,11.797363254145973,0.30300000000000005
TIC 0306651396,107.664932,-16.777896,1493.5345907555634,1494.6613146394045,2.7149973104603577,0.41500000000000004
TIC 0306763456,107.80797,-13.931831,1493.1235548426375,1493.1253879625638,1.8331199262491584,0.0010000000000000009
TIC 0307040154,14.335512,52.078798,1792.5956655657592,1795.879901015071,3.3649953374097548,0.976
TIC 0307084982,123.657311,-68.525438,2064.6279414610976,2080.620952120951,19.26868754199244,0.83
TIC 0307433122,125.673721,-70.67491,1364.0795302500562,1372.852715324089,27.851381187405664,0.31499999999999995
TIC 0307610438,229.033514,-38.875321,1600.0972917690524,1601.4831116438845,1.5623673898896535,0.887
TIC 0308015513,149.845486,27.397745,1873.76695316401,1875.6010517400612,4.325704188800263,0.42400000000000004
TIC 0308184924,130.43374,-69.785446,1573.1776598412027,1575.774440670495,4.12842739156182,0.629
TIC 0308307606,120.199962,-60.865682,1415.7684298148497,1416.6057544680934,4.840026897363144,0.17299999999999993
TIC 0309146836,123.816374,-62.915643,1544.7895487419787,1548.393703657724,5.427944150218915,0.6639999999999999
TIC 0309600985,81.017425,52.935133,1824.95919696858,1831.416437681435,11.761822792085484,0.5489999999999999
TIC 0309627556,125.638027,-63.072465,2061.8992404402693,2061.9426570012342,1.7366624385999607,0.025000000000000022
TIC 0310170268,239.582854,48.490637,1934.246136598037,1938.8955361066658,8.317351536008411,0.5589999999999999
TIC 0311062274,85.29984,52.393157,1817.9844800353733,1820.8428140446815,8.19006879457941,0.349
TIC 0311183180,55.031501,5.874579,1439.585894598743,1445.0183175709424,13.249812127315462,0.41000000000000003
TIC 0311188656,253.63832,71.703947,1741.9545850921131,1740.8075061697702,2.394736789859647,-0.479
TIC 0312111256,140.663953,6.238879,1518.3224827825852,1519.4467074805377,1.151869567574228,0.976
TIC 0313294818,88.628348,51.802162,1816.6022024955869,1817.223038396068,1.2988198754833775,0.478
TIC 0316249183,51.895972,55.382756,1823.5089090449044,1828.7388955147553,8.058530770186183,0.649
TIC 0316916655,74.472829,-13.7037,1440.1913817835684,1440.2546268524782,2.8747758595347284,0.02200000000000002
TIC 0317015040,332.810245,71.861969,1765.291195950192,1767.09734538458,19.847795982283785,0.09099999999999997
TIC 0318290913,164.236648,53.503606,1874.9495912576497,1881.3938014759729,15.021469040380271,0.42900000000000005
TIC 0319558164,100.608765,-52.491973,1500.4637012710114,1508.0786433394117,8.979884514622901,0.848
TIC 0319936228,174.451808,-63.323199,1575.950954279174,1581.6423535385645,9.646439422695618,0.5900000000000001
TIC 0320228013,174.741518,-63.477494,1571.0530771601386,1577.5880792862386,6.8002103289281495,0.961
TIC 0322262620,325.3396,69.692808,1768.4044010288287,1770.4323288614642,4.427790027588396,0.45799999999999996
TIC 0326374705,331.801706,52.635683,1742.7318091764353,1744.985757008132,5.405150675531586,0.41700000000000004
TIC 0328862783,185.041694,26.197489,1905.406458037332,1909.6816447828583,10.130774278498423,0.42200000000000004
TIC 0330847328,334.138564,59.083179,1962.2780301456128,1956.519053001687,13.239027917070729,-0.43500000000000005
TIC 0330998582,310.274892,21.22905,1687.9912657617035,1689.7844554316941,5.258620733110168,0.34099999999999997
TIC 0331183881,214.241299,-49.945102,1598.9547409703769,1601.0067683688014,4.283982042639994,0.479
TIC 0332079835,120.237402,-13.771237,1490.289773260841,1497.0653330900855,6.956426929409008,0.974
TIC 0332334202,212.54158,52.543543,1711.7416507937514,1715.5310575875556,8.671411427469268,0.43700000000000006
TIC 0333127661,181.139883,-52.694153,1576.2716473396192,1579.9188007924388,7.894271542899648,0.46199999999999997
TIC 0333868181,309.194677,72.618839,1778.1572521934586,1783.778815942019,15.615454857112416,0.36
TIC 0339566276,253.481698,-41.880971,1635.5670086454215,1637.8949435749191,4.240318632964692,0.5489999999999999
TIC 0339568213,253.541923,-41.82504,1628.52563621934,1631.7808576871682,5.823294217939581,0.5589999999999999
TIC 0341029467,238.884851,-60.177647,1634.8976445947394,1634.303257757474,13.208596383672054,-0.044999999999999984
TIC 0341258182,254.021732,-40.349327,1630.5450150019851,1632.9965054182908,4.489909187372849,0.546
TIC 0342694097,254.468561,-37.996569,1629.6796230399427,1631.6645219573322,4.343323670436713,0.45699999999999996
TIC 0342782002,240.588313,-62.890986,1625.4999367380326,1625.1400775237814,1.0971317507656722,-0.328
TIC 0343127696,334.525854,55.904338,1742.6789736858095,1744.8515230913035,4.6721492591269005,0.46499999999999997
TIC 0343285974,254.666059,-41.673157,1626.8186882503546,1637.9384043717848,16.045766408990026,0.6930000000000001
TIC 0346541355,55.161537,28.773338,1793.6633045461924,1798.9272497593565,8.16115536924672,0.645
TIC 0346934659,0.969302,57.37828,1765.9555684721354,1761.8690228662783,4.333558436751978,-0.9430000000000001
TIC 0347448707,133.34424,-14.666003,1517.8152174894024,1518.8490422321956,2.199627112325917,0.47
TIC 0348555861,254.339317,-53.724404,1626.4335033841571,1627.3086776762032,2.1609241778912462,0.405
TIC 0348670544,35.707683,57.511715,1794.5574432346075,1797.4539412395725,5.363885194379511,0.54
TIC 0349480752,110.860267,-64.692025,1417.4209850423051,1413.4565343518361,77.73432726409688,-0.051000000000000004
TIC 0349521875,111.366016,-65.551959,1619.3997144625146,1635.2990004437186,37.41008466165635,0.42500000000000004
TIC 0349763482,112.919423,-65.216176,1603.7488983976243,1610.704054884766,15.629565139644493,0.44499999999999995
TIC 0350298314,83.74447,-59.337955,1358.0403150267337,1393.257021791002,47.71911485673228,0.738
TIC 0351287412,296.669685,52.995967,1690.272059568829,1696.2407144661242,10.133539723760965,0.589
TIC 0355152640,130.046448,-65.528904,1564.660827190525,1574.9682624091397,22.118959696598157,0.46599999999999997
TIC 0355703913,0.77446,-62.469338,1328.0897348370947,1328.2919254921596,2.106152656925949,0.09600000000000009
TIC 0356015357,254.309401,68.57416,1939.340668222636,1947.2898676735979,11.25948930731165,0.706
TIC 0356340346,268.364591,52.385462,1703.8747488881509,1710.1722859738074,23.85430714263833,0.264
TIC 0356641568,78.180455,55.484005,1818.117921369077,1824.7389142407671,11.494779291128443,0.5760000000000001
TIC 0357133493,145.042375,50.43969,1874.349664291568,1874.3844150983584,4.343850848805733,0.008000000000000007
TIC 0358517121,283.359333,24.277998,2018.6669543269752,2021.0934027330663,10.549775678657328,0.22999999999999998
TIC 0359308549,201.091319,-53.99953,1599.2437552369445,1599.7756707506394,1.2227942843560573,0.43499999999999994
TIC 0360661624,296.08782,23.284972,1686.9008928714306,1695.048398272348,10.980465499888656,0.742
TIC 0362104293,268.207743,68.454981,1706.9550572710712,1726.3306522231414,28.96202533941739,0.669
TIC 0363933313,251.329601,-71.051105,1625.517583870091,1627.9686846872028,4.6866172411316835,0.523
TIC 0364107753,251.361964,-71.839816,1632.0394755052753,1637.8154877461413,7.773906111528905,0.743
TIC 0366622912,128.067135,11.630719,1493.2814395474256,1494.518062653912,3.114919663693364,0.397
TIC 0368334916,11.288003,71.455539,2002.585795976004,2006.9359055734872,23.51410593234176,0.18500000000000005
TIC 0371706494,68.894736,83.208665,1827.605768984993,1832.096643088277,13.326035914789806,0.33699999999999997
TIC 0373128383,0.849882,73.174497,1793.4516818627762,1794.4283194742939,2.086832503242676,0.46799999999999997
TIC 0373702832,27.813494,65.393036,1794.2514231931082,1796.7928021595928,4.0339348674359305,0.63
TIC 0373915220,81.752572,-67.994424,1329.0273830204692,1331.978013440741,6.470680746210331,0.45599999999999996
TIC 0375854079,336.248377,70.31505,1764.7328560146386,1777.331492560909,27.32892960145443,0.46099999999999997
TIC 0376339249,152.809998,-61.985375,1577.2834695040422,1573.5738399935003,6.276868884165675,-0.591
TIC 0376499580,339.509908,67.466193,1766.2820865330264,1768.2168093179166,2.87477382598846,0.673
TIC 0376595143,86.682934,75.349037,1821.9854735984884,1818.8007938901305,6.6764773760122695,-0.477
TIC 0377325711,295.030836,20.262041,1686.484130272714,1699.403493333389,12.997347143536034,0.994
TIC 0378275454,302.309665,35.483849,1687.421816344152,1689.9100390113326,7.656069745171305,0.32499999999999996
TIC 0379631121,34.322701,69.465607,1802.1123646317951,1809.0987463073682,16.209702263510486,0.43100000000000005
TIC 0380618882,175.993401,9.954518,1897.6712678432632,1900.6669713213432,6.470201896500972,0.46299999999999997
TIC 0380783252,269.714465,-60.921834,1657.9345600606991,1650.3110990768223,9.96530847565589,-0.765
TIC 0382067804,79.470627,-54.101495,1417.8377725186897,1425.7294426503304,26.131358051790595,0.30200000000000005
TIC 0382069441,79.673931,-58.070589,1327.7778111135906,1332.9661058321442,5.47866390554757,0.947
TIC 0386166904,139.265635,-54.901252,1545.5175613148904,1554.1047515893317,12.355669459627991,0.6950000000000001
TIC 0386431674,127.957615,-15.483302,1520.4611941237326,1534.7427183440193,17.480445802064366,0.817
TIC 0387261279,309.290747,70.180157,1957.008690636213,1961.6508899645605,8.440362415177253,0.55
TIC 0387834907,315.669066,70.080307,1739.8841192589832,1743.932959620919,12.652626131049807,0.31999999999999995
TIC 0390554357,190.080108,-29.615114,1573.365733389457,1575.0143578278862,3.6473992000645294,0.45199999999999996
TIC 0390651552,191.985937,9.751398,1930.819937125772,1932.2519136014919,1.4671890120080489,0.9759999999999999
TIC 0390661644,43.642518,61.425173,1793.6169172221494,1794.2984520069797,5.0860804838079225,0.13400000000000012
TIC 0390996644,287.062609,-31.348593,1657.1498709219682,1657.8907732350672,1.9194360442977856,0.386
TIC 0391643922,161.912005,-60.617856,1592.111178582991,1598.0197540948122,17.796914192232567,0.33199999999999996
TIC 0392113518,174.302976,-67.411157,1571.6474223270166,1574.2132295726797,4.363617764733267,0.588
TIC 0394230860,47.807842,-74.044354,1326.802939328385,1344.8191128436804,28.964909188577582,0.622
TIC 0394272819,199.500078,-72.950263,1599.4486719138797,1601.151921799151,2.9881576934586422,0.5700000000000001
TIC 0394340319,39.365656,-79.823029,1327.184138237,1324.6964200493978,3.0375069445693748,-0.819
TIC 0395429348,218.973996,-60.767415,1626.7834489702843,1627.539768775024,1.65135328545783,0.45799999999999996
TIC 0395459736,326.356568,50.571838,1742.8416129496427,1743.1952102138794,3.608135349354279,0.09799999999999998
TIC 0396902326,168.822815,-9.132531,1545.535065161014,1554.5482542453515,15.924362339818714,0.566
TIC 0396903513,267.618301,-53.612407,1658.4922350374118,1660.1747638332265,3.1686041352442262,0.5309999999999999
TIC 0398850090,162.308663,-67.747305,1579.0233675564727,1585.165869289483,13.181334191009276,0.46599999999999997
TIC 0401606923,303.895894,-81.83129,1664.4403666012429,1668.6156459696294,13.917597894621634,0.30000000000000004
TIC 0401926767,57.352153,-1.242367,1442.2697915312494,1446.0783664802264,13.60205338920331,0.28
TIC 0403153647,336.838303,-58.000626,1326.8394294252166,1329.3214807011866,5.337744679505251,0.46499999999999997
TIC 0404113676,322.944125,65.485287,1748.6578498168765,1764.6733402128925,45.8896572951752,0.349
TIC 0404927661,85.488215,-66.092034,1333.9773604614618,1348.15761683957,18.536282847200237,0.765
TIC 0406336313,197.834808,-56.614018,1598.8722122686695,1600.8544077769645,2.03302103414864,0.975
TIC 0407067592,232.616324,-81.518166,1640.94318109788,1644.4871585608823,7.771880401321051,0.45599999999999985
TIC 0407594410,295.983217,27.135408,1682.0605971829889,1684.2209579743005,3.816891857441243,0.5660000000000001
TIC 0407824089,273.192481,-78.991794,1637.4051584517845,1650.5945396546188,17.944736330386664,0.735
TIC 0408351887,144.99061,-19.3281,1518.264089884058,1518.7309232947716,1.0731802545142706,0.43499999999999994
TIC 0408618999,43.43502,69.101407,1792.8177284252447,1792.7399021044923,7.075120068404575,-0.010999999999999899
TIC 0410276444,298.350202,-57.012233,1654.4639638941242,1653.9800332249247,1.016661069746813,-0.476
TIC 0410654298,177.009112,-66.114883,1584.4162628124716,1587.9078756194347,19.95207318264569,0.17500000000000004
TIC 0413248763,144.006822,-21.6608,1519.261500563301,1517.7521623080352,3.930568373088178,-0.384
TIC 0413738130,336.638659,57.360997,1766.7986075115125,1767.9914790202336,2.2008699422897733,0.542
TIC 0415469752,337.431473,57.345333,1624.5025478150042,1613.1201865669932,42.6305664719508,-0.2669999999999999
TIC 0415528958,131.394251,-21.96704,1519.0777435103787,1520.6126321763154,11.042364503142462,0.139
TIC 0416635004,299.078294,48.021967,1689.4868853396704,1693.2711087750004,19.406274027333225,0.19499999999999995
TIC 0417126296,308.020712,19.981429,1687.7522383962312,1695.3799611788886,10.036477345601842,0.76
TIC 0417175621,219.286751,35.92974,1933.3649738377003,1935.3246160851706,3.3327249106640555,0.5880000000000001
TIC 0417728778,82.445469,69.495939,1817.489265204663,1819.3799386401804,3.431349247763024,0.5509999999999999
TIC 0417734853,299.508585,67.860959,1961.0116156480904,1965.532873013839,11.44622117911047,0.395
TIC 0418295363,197.08501,-78.446025,1597.1437189753617,1598.0796303834277,1.0468807696487623,0.894
TIC 0419744996,325.194379,-69.374594,1330.685489661587,1334.6853353649717,7.004983718712089,0.571
TIC 0421191260,182.172245,-29.662998,1571.5979493316574,1571.485147246461,2.6857639332436634,-0.041999999999999926
TIC 0421334320,288.993964,57.721597,1686.2059771129486,1690.1588851365923,17.80589199839464,0.22199999999999998
TIC 0421361060,292.813414,-43.704784,2037.1974072053397,2038.1985705033085,1.0289448077787655,0.9729999999999999
TIC 0422251657,193.984703,8.199673,1932.2069865613648,1934.0541022259415,3.9300333288864633,0.47
TIC 0424719589,294.671443,54.973815,1686.2272475815216,1688.236763695115,7.640745679062781,0.263
TIC 0424796997,291.068652,-51.500042,1662.5596670018176,1662.0600820684574,13.87735926000585,-0.035999999999999976
TIC 0425549135,286.089698,-34.197474,1657.9752148567095,1660.219465996078,5.0206960612270635,0.44699999999999995
TIC 0427312571,352.508085,58.548917,1766.1158077905277,1768.5847845921533,6.066282067876086,0.40700000000000003
TIC 0427398881,83.943889,-2.374064,1473.8591369764465,1468.3038111880514,13.549575093646526,-0.41000000000000003
TIC 0428249301,54.873913,51.953141,1793.6848193184424,1795.5018345925532,2.7038917769507407,0.6719999999999999
TIC 0432168104,153.523892,-20.156113,1546.6487175111215,1547.4018184914426,2.5528846790545714,0.29500000000000004
TIC 0433977629,342.350802,65.801871,1766.7812848566791,1769.4248379468877,6.5596850873664545,0.403
TIC 0434395855,93.885852,17.313254,1485.3231124485114,1491.0750035125238,5.821752089081349,0.988
TIC 0434664688,191.239112,-65.319275,1605.3169204973292,1620.1855383164875,16.857843332379133,0.882
TIC 0436158814,83.948241,9.763895,1473.037203379167,1476.3993446378668,7.214895404934957,0.46599999999999997
TIC 0436869712,42.336107,26.941974,1791.3939055247852,1792.7980748159941,1.4937971183073542,0.94
TIC 0438790187,201.774795,-48.938364,1599.9659753301514,1602.036995013722,2.091939074313736,0.99
TIC 0438790188,201.777237,-48.938281,1599.57934861939,1597.8616213249998,2.094789383402588,-0.82
TIC 0439943228,1.130044,42.198843,1775.8728929190124,1783.9804769498903,10.515673191799973,0.771
TIC 0441422527,311.298845,-35.166421,1327.0957503206164,1328.6431599476175,2.9362611518046218,0.5269999999999999
TIC 0441739153,259.42568,72.102704,1686.3525287942746,1687.816321047571,3.2100707309127863,0.45599999999999996
TIC 0441794509,263.598849,74.472259,1958.8933807232247,1961.537733937318,14.93984866719461,0.17699999999999994
TIC 0441794509,263.598849,74.472259,1958.8933807232247,1961.537733937318,14.93984866719461,0.17699999999999994
TIC 0442918617,80.462456,-13.755682,1438.701393765564,1439.4736061036144,1.6642507285567734,0.46399999999999997
TIC 0443055162,95.05968,-10.725009,1471.8237297892183,1467.0048815055318,8.167539463875459,-0.5900000000000001
TIC 0443174527,95.881276,-7.86204,1469.3038082158575,1471.6601309003927,9.425290738140882,0.25
TIC 0443969553,130.918288,9.687427,1493.1917207764473,1490.7866650023873,2.4541385449592577,-0.98
TIC 0444062991,234.551026,49.197034,1738.7914127611868,1739.3725070818898,1.317674196605267,0.44099999999999995
TIC 0444801274,25.479149,64.342539,1792.0324156160427,1794.923174915317,4.933036346884446,0.5860000000000001
TIC 0446872386,232.222702,-66.492236,1637.0647196744442,1641.4861947385975,13.081287172051152,0.33799999999999997
TIC 0448727889,213.005347,-70.175217,1599.4677992783738,1603.1566162164909,4.391448735853639,0.84
TIC 0449351034,191.309004,-44.485483,1570.9363188442585,1569.9896797820247,2.1862334000778167,-0.433
TIC 0453012065,9.256529,55.217227,1764.6385775579777,1756.2439198888583,13.388608722678288,-0.627
TIC 0453426326,146.344259,48.07932,1877.059327695347,1871.7629205440173,14.392410737308904,-0.36800000000000005
TIC 0453828066,53.364875,0.11968,1413.7341778115592,1418.8038361344113,9.13451950063435,0.5549999999999999
TIC 0453831755,56.806366,5.439933,1453.2682888224829,1469.4546662060866,20.207712089393016,0.8009999999999999
TIC 0455178154,124.697905,0.283504,1496.3447609707323,1500.920552177928,8.289476824629594,0.552
TIC 0455509774,229.237071,-60.95725,1626.6357789723263,1628.4391613823077,3.9034251298300138,0.46199999999999997
TIC 0455824124,322.467262,64.921273,1746.8597854986856,1752.1678214620256,12.914929351192184,0.41100000000000003
TIC 0456033358,340.471184,63.756439,1962.5060459053611,1967.135952487855,12.057048391911554,0.384
TIC 0456260074,101.492328,66.890733,1858.9718748099967,1855.6079105152992,16.653288587611495,-0.202
TIC 0458199516,159.512452,-56.817203,1572.7371286277844,1573.5759119683892,3.0172062611678743,0.27799999999999997
TIC 0458479571,233.197331,65.407385,1856.557639064911,1877.0549030192444,36.602257061309814,0.56
TIC 0458808688,160.980811,-56.025643,1571.4099341550072,1570.8168612317936,1.3509633786187016,-0.439
TIC 0458847254,35.442441,63.576306,1792.1281788318313,1790.882486804767,2.606050265824808,-0.47799999999999987
TIC 0459278502,235.991361,22.339768,1969.955148134676,1977.0728206252484,15.852277261854024,0.44899999999999995
TIC 0459758530,134.090595,56.024546,1842.8431222325703,1846.7388528291099,9.837703526615208,0.396
TIC 0461579405,0.93351,86.111699,1790.3065468938992,1785.5326008233808,13.918210118129467,-0.34299999999999997
TIC 0462267926,150.681153,-56.724526,1550.61487571311,1558.0103087227506,10.93998965923156,0.6759999999999999
TIC 0468792279,332.313332,44.846477,1739.0281879936554,1740.4046816786242,3.781576057606486,0.364
TIC 0468887783,56.676119,9.907835,1439.9408466167324,1441.9202090591614,4.52943350670267,0.43700000000000006
TIC 0470124714,330.562911,81.542033,1795.9650531075974,1798.9179290472598,5.519394279742611,0.5349999999999999
TIC 0470152814,332.26508,80.712964,1795.900902243829,1791.1392040574456,24.54483601228578,-0.194
TIC 0470208013,339.920208,78.083945,1959.5642052558007,1962.673842950197,5.543026193219868,0.5609999999999999
TIC 0470358759,65.047967,50.920936,1819.720139097737,1818.7789296291205,19.2083565023773,-0.049
TIC 0470975994,110.972084,49.917535,1844.960438099588,1848.1716893508617,3.959619298734637,0.8109999999999999
TIC 0471013547,55.809792,10.493986,1441.161885103682,1439.7067676308702,3.5404318073278684,-0.41100000000000003
TIC 0722865779,84.300862,32.251814,1815.773961455648,1811.526807351458,11.863558950251294,-0.358
TIC 1400770435,264.961577,56.078916,1686.337100335528,1686.3783300278606,13.743230777494164,0.0030000000000000027
TIC 1883519478,294.671597,54.973789,1716.7902121200398,1718.7997283342843,7.640746061766441,0.263
TIC 0461579405,0.93351,86.111699,1790.3065468938992,1785.5326008233808,13.918210118129467,-0.34299999999999997
TIC 0462267926,150.681153,-56.724526,1550.61487571311,1558.0103087227506,10.93998965923156,0.6759999999999999
TIC 0468792279,332.313332,44.846477,1739.0281879936554,1740.4046816786242,3.781576057606486,0.364
TIC 0468887783,56.676119,9.907835,1439.9408466167324,1441.9202090591614,4.52943350670267,0.43700000000000006
TIC 0470124714,330.562911,81.542033,1795.9650531075974,1798.9179290472598,5.519394279742611,0.5349999999999999
TIC 0470152814,332.26508,80.712964,1795.900902243829,1791.1392040574456,24.54483601228578,-0.194
TIC 0470208013,339.920208,78.083945,1959.5642052558007,1962.673842950197,5.543026193219868,0.5609999999999999
TIC 0470358759,65.047967,50.920936,1819.720139097737,1818.7789296291205,19.2083565023773,-0.049
TIC 0470975994,110.972084,49.917535,1844.960438099588,1848.1716893508617,3.959619298734637,0.8109999999999999
TIC 0471013547,55.809792,10.493986,1441.161885103682,1439.7067676308702,3.5404318073278684,-0.41100000000000003
TIC 0722865779,84.300862,32.251814,1815.773961455648,1811.526807351458,11.863558950251294,-0.358
TIC 1400770435,264.961577,56.078916,1686.337100335528,1686.3783300278606,13.743230777494164,0.0030000000000000027
TIC 1883519478,294.671597,54.973789,1716.7902121200398,1718.7997283342843,7.640746061766441,0.263
