# "asas_sn_id":68719561095,"ra_deg":64.8767639,"dec_deg":34.38333676,"catalog_sources":["stellar_main","tic"]
asas_sn_id,jd,flux,flux_err,mag,mag_err,limit,fwhm,image_id,camera,quality,phot_filter
68719561095,2455949.8419674,8.470192695612498,0.0410085422114078,14.14004817807356,0.005262513381400805,18.18017056597117,2.35,bb002129,bb,G,V
68719561095,2455953.8786084,8.83178566287181,0.04709969036369147,14.094660102784697,0.0057967117372344674,18.02981126352892,2.64,bb003151,bb,G,V
68719561095,2455969.7897684,8.829420189497553,0.04162549185077059,14.094950941374162,0.005124356850930303,18.16395794815295,2.26,bb005558,bb,G,V
68719561095,2456000.7912266,8.758127336944884,0.05292899769069119,14.103753266429454,0.006568929294544945,17.90312221894455,2.09,bb009495,bb,G,V
68719561095,2457007.8788583,8.78295413702185,0.03989814455858379,14.100679867137504,0.00493769496648521,18.20997464485513,2.04,bb163494,bb,G,V
68719561095,2457008.8903873,8.575969563828643,0.04509225383778716,14.126573326923218,0.00571519278655388,18.077101535902237,1.98,bb163885,bb,G,V
68719561095,2457009.8945494,8.720193211566635,0.03800631022087595,14.108466135480404,0.004737418742858322,18.2627171214382,2.05,bb164284,bb,G,V
68719561095,2457010.892494,8.780005284131352,0.04179071539799922,14.101044461315402,0.005173651857829518,18.159656879389065,2.02,bb164691,bb,G,V
68719561095,2457011.8871767,8.72069192846786,0.036603083798555,14.108404042875426,0.004562248153810574,18.30356220339602,2.09,bb165092,bb,G,V
68719561095,2457021.8616674,8.797020850798852,0.08459263446458888,14.098942351162687,0.010452233464244823,17.39402501771776,2.21,bb167311,bb,G,V
68719561095,2457037.8377034,8.596409700493018,0.04399425372712953,14.123988640602715,0.005562768955161239,18.10386650573254,1.73,bb170748,bb,G,V
68719561095,2457038.8408421,8.706033974569921,0.03933017183998659,14.110230510460484,0.004910408908059192,18.225541783882242,2.01,bb171168,bb,G,V
68719561095,2457040.8273304,8.83498491783363,0.03550267465261821,14.094266873364257,0.004367847156699872,18.336703712228154,2.03,bb171989,bb,G,V
68719561095,2457043.8231783,8.741839127082203,0.03657091726245699,14.105774379361499,0.004547212142266637,18.304516760330625,1.68,bb173120,bb,G,V
68719561095,2457046.8179367,8.6025076342728,0.03641453889799841,14.1232187377504,0.004601102634725943,18.30916935608542,1.70,bb174353,bb,G,V
68719561095,2457054.775865,8.662353127229743,0.11261064551165685,14.115691694291119,0.014130441666177341,17.0834077737733,2.04,bb177051,bb,G,V
68719561095,2457061.7977455,8.541555747267536,0.03735097109593532,14.130938955277328,0.004753101522401739,18.2816016496422,1.68,bb178296,bb,G,V
68719561095,2457065.8004433,8.671858750218442,0.038919729059550434,14.114500916177285,0.00487831438958028,18.23693187303352,2.03,bb179113,bb,G,V
68719561095,2457070.7812806,8.793398817952076,0.043694827761311804,14.099389477760711,0.005401139989745967,18.111281314275146,2.09,bb180212,bb,G,V
68719561095,2457084.7798046,9.018649496396595,0.396361173204624,14.071927632772638,0.0477707180383356,15.717128630612397,1.51,bb183720,bb,B,V
68719561095,2457102.7411161,8.64183063818765,0.054124490329851095,14.11826702753004,0.006807697374890474,17.87887184419835,2.02,bb187199,bb,G,V
68719561095,2457227.1235109,8.367838702624553,0.09114196220705752,14.1532481540178,0.011839060687676768,17.31306045785448,1.66,bb215240,bb,G,V
68719561095,2457228.1211528,8.685138154748843,0.060199749561893945,14.112839576583994,0.007534078241183167,17.763369682314515,1.64,bb215555,bb,G,V
68719561095,2457236.1091986,8.648634443119416,0.13444064485225343,14.117412552223438,0.016896440318994923,16.891029926374962,1.70,bb217614,bb,G,V
68719561095,2457246.1145648,8.662992010419996,0.04630815430532872,14.115611619856228,0.005810342462665935,18.048212714296557,1.62,bb220150,bb,G,V
68719561095,2457262.0358155,8.748091405228934,0.06817269905659445,14.10499812413021,0.008470505897987382,17.62833017194981,1.76,bb222446,bb,G,V
68719561095,2457273.1447951,8.96402175018968,0.2579663765152071,14.078524150439558,0.03128040550957868,16.18344863502386,2.09,bb225340,bb,G,V
68719561095,2457276.0738318,8.908849960939394,0.039749068884749744,14.085227292531943,0.004849729184661324,18.214038994085747,1.64,bb226376,bb,G,V
68719561095,2457288.0047913,8.832957171716489,0.042427415771389955,14.094516092811766,0.005220987193384997,18.14323994379166,2.20,bb228020,bb,G,V
68719561095,2457303.1390589,8.685184314895574,0.04617341394020552,14.112833806081735,0.005778633082914639,18.051376427865495,1.98,bb231093,bb,G,V
68719561095,2457303.9479803,8.718912923102748,0.035540507478005634,14.108625553690208,0.004430711343242682,18.335547331815498,1.76,bb231359,bb,G,V
68719561095,2457305.0079074,8.860003382867673,0.035233113429260644,14.091196685250695,0.004322443318380996,18.344978838703987,1.68,bb231791,bb,G,V
68719561095,2457308.971572,8.756043485064856,0.03641426901551217,14.104011630181317,0.004520389518198118,18.309177402933766,1.64,bb232971,bb,G,V
68719561095,2457314.8997311,8.94348057409302,0.05310045029880822,14.081014984499403,0.00645362622319191,17.8996108837483,1.67,bb234586,bb,G,V
68719561095,2457317.884566,8.751220864710922,0.06487250132721313,14.104609792583837,0.008057571565070308,17.682204784674443,1.74,bb235754,bb,G,V
68719561095,2457319.0460997,8.716914895646255,0.02829546441144737,14.108874389682356,0.0035283055927300064,18.583064327741134,1.84,bb236380,bb,G,V
68719561095,2457319.8790069,9.025610312726007,0.08083064910267052,14.07108995799314,0.009734455416790392,17.443416227746503,1.67,bb236651,bb,G,V
68719561095,2457328.0274731,8.609514900643585,0.051911341895127985,14.122334699491674,0.006553838662956626,17.924200755109325,1.98,bb239261,bb,G,V
68719561095,2457328.8985906,8.556412423942087,0.05800193769005119,14.129052130404807,0.007368226462447872,17.8037501376127,1.79,bb239588,bb,G,V
68719561095,2457332.9882798,8.69206378232872,0.029286549380301712,14.111974143238683,0.0036623299880601534,18.545685881285365,1.73,bb240719,bb,G,V
68719561095,2457342.8631484,8.852755347847493,0.040492714529948765,14.09208524864092,0.004971765107227369,18.193914164286078,2.06,bb242234,bb,G,V
68719561095,2457358.0315952,8.818575966852848,0.06412996172741055,14.096285253385041,0.007904505262584521,17.694703941848115,1.79,bb245229,bb,G,V
68719561095,2457358.9863923,8.747225369517592,0.04073424595080269,14.10510561419047,0.005061759863721515,18.18745719040548,1.68,bb245630,bb,G,V
68719561095,2457359.9370884,8.651327921130516,0.03943010115676406,14.117074469798121,0.004954014689524997,18.222786665566034,1.78,bb246027,bb,G,V
68719561095,2457360.8447711,8.62877719538035,0.03836763241853875,14.119908266597935,0.00483312378297909,18.252443891986093,1.80,bb246391,bb,G,V
68719561095,2457362.9337001,8.677631689805738,0.03807100854583858,14.113778371642525,0.004768758632231348,18.26087043882971,1.68,bb247324,bb,G,V
68719561095,2457365.8147861,8.895321759907992,0.04208132012310811,14.086877249710748,0.005142092280164758,18.15213300490563,1.55,bb248540,bb,G,V
68719561095,2457366.8776218,8.765470412808234,0.03906810329503562,14.102843334131345,0.004844615025619847,18.232800575398382,2.00,bb249026,bb,G,V
68719561095,2457369.8975021,8.914975613106805,0.04263586751889196,14.084481005763132,0.005198369156672864,18.137918633503737,1.68,bb249997,bb,G,V
68719561095,2457377.8149136,8.562922075011281,0.07006457821823081,14.128226424921076,0.008893827313862023,17.598610113822218,1.99,bb251606,bb,G,V
68719561095,2457384.9440383,8.664725602674569,0.06396479378961194,14.115394369792096,0.00802413751565961,17.69750388332259,1.78,bb253196,bb,G,V
68719561095,2457385.8326476,8.778649112400165,0.05330820669910169,14.101212178580983,0.00660052613926197,17.895371211177338,1.66,bb253359,bb,G,V
68719561095,2457386.718954,8.627624663484886,0.03423014501180148,14.12005329632292,0.004312505563451944,18.376334546234546,1.69,bb253680,bb,G,V
68719561095,2457389.843732,8.597266406056827,0.03650855505643573,14.123880443118654,0.004615794154047367,18.306369781956878,2.15,bb255021,bb,G,V
68719561095,2457390.8190363,8.638284780732775,0.035058326454486526,14.118712610881353,0.004411393876011003,18.350378441787424,1.70,bb255283,bb,G,V
68719561095,2457392.8788821,8.781366227974324,0.029176083817411973,14.100876179925205,0.0036114123657793283,18.549788898791846,2.03,bb256199,bb,G,V
68719561095,2457395.8519692,8.617774690261495,0.04176004389640418,14.121293566088568,0.005267177861194645,18.160454027410534,2.86,bb257068,bb,G,V
68719561095,2457398.8454876,8.717521531402603,0.03433893571041227,14.10879883273427,0.004281598844988221,18.372889317041164,1.67,bb258330,bb,G,V
68719561095,2457403.7297057,8.58184938534023,0.03972790160703025,14.125829183933778,0.005031841017920641,18.214617327159527,1.74,bb259955,bb,G,V
68719561095,2457409.7553426,8.797024641728777,0.09237118060242064,14.098941883282816,0.011413342722751886,17.298515157661907,2.00,bb262543,bb,G,V
68719561095,2457412.8533177,8.441495579078275,0.07304262861501473,14.143732911116452,0.00940522455935806,17.553415408824435,1.68,bb263914,bb,G,V
68719561095,2457413.7756869,8.62428565700637,0.0633049146721944,14.120473572130013,0.00797859586262427,17.708762824314455,1.66,bb264287,bb,G,V
68719561095,2457416.8267468,8.757201792553559,0.034906930802991364,14.103868011296452,0.004332698616408632,18.355077230959907,2.02,bb265603,bb,G,V
68719561095,2457419.8273468,8.655884841895903,0.029970849851639912,14.116502729675751,0.0037635679428896945,18.520608748804932,1.71,bb266880,bb,G,V
68719561095,2457421.8074358,8.725048966878068,0.03661726998633032,14.107861722033427,0.0045617371972372645,18.30314148819671,1.64,bb267696,bb,G,V
68719561095,2457422.7676512,8.777833661073771,0.03527494647502219,14.101313037624376,0.004368086091111209,18.343690485068112,1.65,bb268088,bb,G,V
68719561095,2457423.8188558,8.8580725061599,0.04251931163919248,14.09143332751027,0.005217460463767907,18.140890831290104,1.61,bb268587,bb,G,V
68719561095,2457428.8343834,8.691551293202075,0.03996698721523938,14.112038160762896,0.004998230573850089,18.208102864727433,1.63,bb270204,bb,G,V
68719561095,2457437.8094732,8.5669504732464,0.08812011510087778,14.127715764041449,0.011180493467823863,17.34966875431048,1.74,bb273398,bb,G,V
68719561095,2457438.811106,8.680538909365827,0.0847850892065861,14.113414684289294,0.010616588050760257,17.39155769006027,1.70,bb273818,bb,G,V
68719561095,2457442.7969227,8.44000061471267,0.09667548912257488,14.143925208875155,0.012450479353155892,17.249065448597275,2.03,bb275443,bb,G,V
68719561095,2457444.7820963,8.583895662414827,0.04907053906914732,14.125570329207786,0.0062136755342922624,17.985304321199177,1.67,bb276194,bb,G,V
68719561095,2457447.7751385,8.793205904218084,0.0401257459588326,14.099413297415353,0.004960072780586049,18.203798595546907,1.60,bb277321,bb,G,V
68719561095,2457449.7813967,8.530773985768239,0.0302053109757936,14.132310314728578,0.0038486378622936543,18.51214811536591,1.68,bb278116,bb,G,V
68719561095,2457451.7687625,8.859374133099346,0.031553983094587,14.09127379848506,0.0038713578630084253,18.46472092237982,1.84,bb278929,bb,G,V
68719561095,2457453.7498629,8.741957227929111,0.03166520875777169,14.105759711338298,0.003937185263447513,18.460900504861648,1.85,bb279738,bb,G,V
68719561095,2457458.7690955,8.782675994263315,0.042911540774752295,14.100714251291196,0.005310793559213385,18.13092112237909,1.77,bb281410,bb,G,V
68719561095,2457467.7264151,8.428440508401064,0.09558598355243668,14.14541334021185,0.012327050075943464,17.261370860479378,1.76,bb284653,bb,G,V
68719561095,2457602.118856,8.874945868356047,0.0413713079064918,14.0893671224938,0.0050669394054759145,18.17060826658963,1.71,bb319477,bb,G,V
68719561095,2457606.1088036,8.813870151739772,0.03821901253104755,14.09686478431661,0.00471329894925348,18.256657738806275,2.18,bb320739,bb,G,V
68719561095,2457609.0917455,8.73553769841402,0.0363107433016114,14.106557298859261,0.0045181190446980275,18.312268545528276,1.69,bb321754,bb,G,V
68719561095,2457612.0829724,8.869050058040015,0.049586767418196356,14.090088639223023,0.006077162704511908,17.973941900232834,1.69,bb322702,bb,G,V
68719561095,2457618.0605489,9.005576363053272,0.08705549596868145,14.07350262154388,0.010507438422776396,17.362865908417323,1.64,bb324376,bb,G,V
68719561095,2457620.0895862,8.498743080859045,0.07310311796995267,14.136394652999197,0.009349607357335638,17.552516641834032,1.66,bb325142,bb,G,V
68719561095,2457628.0354153,8.723837994452875,0.04315609239955723,14.108012424666782,0.005377082439667334,18.124751107990456,2.13,bb326753,bb,G,V
68719561095,2457637.0940004,8.413679073265977,0.046517885844974745,14.147316548247694,0.0060096087521774744,18.043306472190558,1.63,bb327952,bb,G,V
68719561095,2457645.9951107,8.675284435194705,0.08156822100807123,14.1140720974129,0.010219965749099025,17.433553917411402,2.19,bb329703,bb,G,V
68719561095,2457651.0278132,8.683903025180197,0.08004549348865594,14.112993992118923,0.01001922418191862,17.454014177588977,1.68,bb330467,bb,G,V
68719561095,2457657.1109168,8.836868987706627,0.03814156237197581,14.09403536365485,0.0046915055578184255,18.25886019657224,1.75,bb332051,bb,G,V
68719561095,2457661.0326531,8.818878862153833,0.03805684788379516,14.096247961791924,0.004690634677118394,18.261274357824995,1.61,bb333011,bb,G,V
68719561095,2457669.039273,8.788894947906048,0.03107683166110264,14.09994572087012,0.0038433915809942053,18.481264555471867,1.80,bb334705,bb,G,V
68719561095,2457672.0413436,8.591017883160681,0.038608937435331586,14.124669846844975,0.004884896867111644,18.245636769979562,1.72,bb335922,bb,G,V
68719561095,2457674.9111006,8.885086115313731,0.06879760769934151,14.088127301027978,0.008416351557917229,17.618423051759635,1.66,bb336895,bb,G,V
68719561095,2457677.9850611,8.530432155386968,0.12851695913691635,14.132353821338581,0.016375764362622218,16.939955290975618,2.05,bb338179,bb,G,V
68719561095,2457684.0882042,8.662863252600083,0.05697103002378023,14.115627757244496,0.007148333158318926,17.823221214984336,1.71,bb339723,bb,G,V
68719561095,2457688.0676976,8.638808620349607,0.03663945907184522,14.118646772071031,0.004610068441303703,18.30248376038002,1.64,bb341098,bb,G,V
68719561095,2457691.0682106,8.628246019199134,0.043561455054719825,14.119975105148717,0.005487721092191185,18.114600449227375,1.99,bb342295,bb,G,V
68719561095,2457694.8792396,8.828595550740987,0.045884114333005814,14.09505235029436,0.0056491473679863655,18.058200510533688,1.74,bb343296,bb,G,V
68719561095,2457697.0074924,8.689209524289637,0.03302114265619046,14.112330730614527,0.004130703289532969,18.41537615013862,1.69,bb344236,bb,G,V
68719561095,2457699.0031216,8.751977846518123,0.03545424689864393,14.104515880314601,0.0044032589622198335,18.338185731820307,1.65,bb345046,bb,G,V
68719561095,2457702.8269046,8.771441082840486,0.05950812717975959,14.102104028025732,0.007374244018016576,17.775915687410635,1.73,bb346484,bb,G,V
68719561095,2457705.8882151,8.602523511579308,0.09373580217749806,14.123216733852079,0.011843820172085233,17.282592642755358,1.75,bb347772,bb,G,V
68719561095,2457709.9445688,8.880827964425588,0.07256808184699252,14.088647761574208,0.008881868914661424,17.560492284273906,1.76,bb349449,bb,G,V
68719561095,2457712.0124188,8.830137232743018,0.05854313781271933,14.094862771575363,0.007206439013501104,17.793666403257056,1.80,bb350283,bb,G,V
68719561095,2457715.9444422,8.814958996012502,0.040668036645555995,14.096730663367358,0.0050147014499113554,18.189223378118097,1.99,bb351157,bb,B,V
68719561095,2457719.9445749,8.725174490588765,0.03274967016774872,14.107846102103103,0.004079857384174541,18.42433906759393,2.03,bb352411,bb,G,V
68719561095,2457745.968925,8.750113935472493,0.03923157878492679,14.104747134468393,0.004873424589996042,18.228266929510045,2.17,bb355862,bb,G,V
68719561095,2457749.9627951,8.936591673934236,0.036678865233919195,14.081851617436865,0.004461245766916363,18.301316666031394,2.12,bb357182,bb,G,V
68719561095,2457755.9087109,8.765247952120417,0.033451464331679094,14.102870889604873,0.004148232601708262,18.40131855947501,1.75,bb358313,bb,G,V
68719561095,2457757.8092091,8.738858265363389,0.030017963817024353,14.106144665448856,0.003733693870464333,18.518903319230425,1.65,bb359095,bb,G,V
68719561095,2457759.9081074,8.576732945617541,0.05607103783526933,14.126476685446885,0.007106060156259097,17.840509907035162,2.16,bb359928,bb,G,V
68719561095,2457765.909092,8.730675641239076,0.11288386370716082,14.107161770078998,0.014053878175938712,17.080776729382467,1.71,bb362102,bb,G,V
68719561095,2457766.751867,8.637480568398628,0.06952015314529855,14.118813696121917,0.008748544584870198,17.6070795933146,1.71,bb362534,bb,G,V
68719561095,2457769.903082,8.545610525915013,0.05013791342894672,14.130423665615826,0.006377277764147842,17.961940753364495,2.08,bb363645,bb,G,V
68719561095,2457771.8469798,8.724105821422098,0.028154533417313388,14.107979092436903,0.0035078384353529747,18.58848555737775,2.11,bb364337,bb,G,V
68719561095,2457774.881405,8.696105917109918,0.03932232884647671,14.111469352656192,0.00491503463700376,18.225758316655167,1.75,bb365583,bb,G,V
68719561095,2457777.8443603,8.911218333260067,0.040134830516518435,14.084938693459527,0.004895493988291133,18.20355281028946,1.68,bb366415,bb,G,V
68719561095,2457779.8756932,8.661099801197457,0.03756998603406924,14.115848797087843,0.004714983348388806,18.275253809620278,2.23,bb367214,bb,G,V
68719561095,2457781.8782902,8.716186742746151,0.039535889756099625,14.108965088627743,0.004930343334935513,18.219877601050168,1.75,bb368060,bb,G,V
68719561095,2457783.8752476,8.628811469846786,0.041439061262233824,14.119903953941071,0.005220007187679602,18.16883162222792,1.58,bb368848,bb,G,V
68719561095,2457786.7335278,8.674139262163212,0.03818812687863271,14.11421542849346,0.004785354755000725,18.257535501620588,1.65,bb369892,bb,G,V
68719561095,2457793.7939764,8.500517013067935,0.06203819093491022,14.136168052262422,0.00793278998558945,17.730708580979417,1.81,bb371898,bb,G,V
68719561095,2457798.8255668,8.589579492849305,0.06581146356910299,14.124851646395607,0.008328021132022216,17.666602520919565,2.14,bb373404,bb,G,V
68719561095,2457800.8003192,8.749324215640451,0.04011945010185657,14.104845129319024,0.004984167561061001,18.20396896437167,1.66,bb374127,bb,G,V
68719561095,2457803.7972314,8.796452768799838,0.03272942971146301,14.099012466616536,0.00404429694704437,18.42501029847312,1.62,bb375300,bb,G,V
68719561095,2457806.8019072,8.64986790021898,0.034769074443695265,14.117257716965948,0.0043691386570714145,18.35937356899252,1.76,bb376206,bb,G,V
68719561095,2457808.7481676,8.659133780339323,0.042636489769762836,14.116095281065569,0.005352037720508732,18.137902787798975,2.02,bb376935,bb,B,V
68719561095,2457823.7477535,8.491438404885873,0.0768689642705792,14.137328245340566,0.009839701832514348,17.497978820072415,2.24,bb379541,bb,G,V
68719561095,2457828.7332993,8.841453894454693,0.043372208927047365,14.093472188132308,0.005332121381649065,18.11932754084146,2.05,bb381163,bb,G,V
68719561095,2457967.1080684,8.733926785111729,0.03534489120012224,14.106757537040762,0.0043987499489488106,18.341539770829588,1.65,bb413951,bb,G,V
68719561095,2457972.0967792,8.766265393113034,0.07671517272792597,14.102744868251055,0.009512152960652193,17.50015322564472,1.64,bb415343,bb,G,V
68719561095,2457976.0838792,8.861279989669613,0.07900456783527617,14.091040256599637,0.009690984864020386,17.468225889238656,1.70,bb416853,bb,G,V
68719561095,2457977.0834868,8.478503305990987,0.08778862597164708,14.138983419900557,0.011254630220757553,17.353760764439393,1.67,bb416955,bb,G,V
68719561095,2457984.1105025,8.69452663800287,0.0353437693106248,14.111666548531986,0.004418543085153094,18.34157423395384,1.80,bb419464,bb,G,V
68719561095,2457990.0868309,8.714114243586268,0.029159802330333447,14.109223281229761,0.0036372529013959393,18.550394954570365,1.68,bb420689,bb,G,V
68719561095,2457994.0441306,8.703409433504525,0.029988489971636834,14.110557868344404,0.0037452201922498715,18.519969898625927,1.63,bb421739,bb,G,V
68719561095,2457999.0276712,9.106991543395154,0.06312540340988995,14.061344071273968,0.0075342739253509185,17.711845977320372,1.67,bb423188,bb,G,V
68719561095,2458002.0150158,8.786273854356923,0.09753833175431455,14.100269565974026,0.012066540103041989,17.23941808525541,1.99,bb423935,bb,G,V
68719561095,2458019.0946713,8.752689649360459,0.030436208219727732,14.10442758042348,0.003779733584391454,18.503880027358136,1.75,bb428372,bb,G,V
68719561095,2458022.9669861,8.73371515979362,0.034766342887081025,14.10678384503018,0.004326853171500102,18.359458870843774,1.66,bb429782,bb,G,V
68719561095,2458024.9765455,8.751011426982375,0.03920172768276829,14.104635777169204,0.00486921699551704,18.22909337494222,1.70,bb430327,bb,G,V
68719561095,2458026.0136875,8.905048951600996,0.03525938402361351,14.085690626643832,0.0043037851476471515,18.344169591258925,2.03,bb430594,bb,B,V
68719561095,2458029.9355481,8.674349056685163,0.09635095936982298,14.114189168971144,0.012073448160601526,17.252716285431635,1.63,bb431897,bb,G,V
68719561095,2458046.0895185,8.829257603202958,0.042260545235107465,14.094970934470874,0.005202631673005869,18.147518653895734,2.03,bb434880,bb,G,V
68719561095,2458048.0528219,8.553994814131569,0.040154553082408395,14.129358947943535,0.00510244094120076,18.203019402177247,1.74,bb435174,bb,G,V
68719561095,2458053.8738112,8.63104517495678,0.06338708033882477,14.119622930225509,0.007982694907935389,17.70735452299994,1.72,bb435713,bb,B,V
68719561095,2458054.8694271,8.63990883741211,0.055436460431931914,14.11850850422767,0.006974265972309759,17.85286766073332,1.64,bb436118,bb,G,V
68719561095,2458055.8659842,9.005527749951884,0.06630590206024002,14.073508482484318,0.008003043761045431,17.65847592416913,1.63,bb436521,bb,G,V
68719561095,2458056.8618697,8.559975206784097,0.06325726479351398,14.12860013755905,0.008032487811436175,17.709580370300127,1.69,bb436924,bb,G,V
68719561095,2458059.8870451,8.844914455986263,0.08836194594506397,14.093047312101557,0.010858849330480959,17.346693214861972,1.70,bb437528,bb,G,V
68719561095,2458060.9777967,8.488741269742377,0.10100333220932121,14.137673162456304,0.012933157835029355,17.201517139016158,1.82,bb438015,bb,G,V
68719561095,2458066.040586,8.295017391725416,0.1254346575051776,14.162738152207826,0.01643661641546082,16.96631252286094,1.71,bb440138,bb,B,V
68719561095,2458067.0711346,8.58959438897395,0.0646236243069515,14.12484976350392,0.0081776934646679,17.686378116081865,1.69,bb440574,bb,G,V
68719561095,2458068.0477492,8.42144535070645,0.05450901664118286,14.14631481770159,0.007035482469378047,17.87118552543398,1.63,bb440976,bb,G,V
68719561095,2458071.0703942,8.907887488430685,0.03997438655338757,14.085344596977023,0.004877746853354155,18.207901874202427,1.71,bb441664,bb,G,V
68719561095,2458072.0471339,8.668123323967741,0.042568307993528655,14.114968700695856,0.005337937436241547,18.139640423253933,1.68,bb442069,bb,G,V
68719561095,2458074.9371696,8.559577114542828,0.042040895782154045,14.128650632239186,0.005338654613266852,18.153176490825096,1.66,bb442532,bb,G,V
68719561095,2458078.023374,8.705347782804166,0.04178644968510978,14.110316089336905,0.005217488736667497,18.159767709636117,2.05,bb443648,bb,G,V
68719561095,2458078.9483369,8.884206173579441,0.042449444737770056,14.088234833121462,0.00519356483859423,18.142676359164568,1.66,bb443863,bb,G,V
68719561095,2458082.7951109,8.752225639537674,0.06765872343805261,14.104485140515116,0.008402673071100144,17.636546895157878,1.65,bb444711,bb,B,V
68719561095,2458096.9634759,8.87052684824157,0.14714728787033232,14.089907867764849,0.01803080098208472,16.792975739035434,1.65,bb446652,bb,B,V
68719561095,2458100.0072708,8.718762322836591,0.03612071159345226,14.108644307584761,0.004503121152130184,18.317965649895427,1.76,bb447391,bb,G,V
68719561095,2458101.0036885,8.824902850500496,0.039432137893698406,14.095506571697026,0.004856826208261471,18.22273058399756,2.02,bb447658,bb,G,V
68719561095,2458102.0000355,8.781090738866737,0.03913909015737789,14.100910242186393,0.004844784157985835,18.23082957952777,1.76,bb448072,bb,G,V
68719561095,2458109.9112919,8.652311979640208,0.05161034368490571,14.116950978098242,0.006483608056379741,17.930514515816,2.13,bb448452,bb,G,V
68719561095,2458110.8691124,8.668242470665316,0.041165426165129144,14.114953776935621,0.005161949333072064,18.17602485416441,2.02,bb448688,bb,G,V
68719561095,2458111.7225198,8.80101267770999,0.0662115134366903,14.098449788051262,0.008177358558578377,17.66002260635957,1.68,bb448884,bb,G,V
68719561095,2458112.7151304,8.69392307735968,0.052307982249246016,14.111741921282642,0.006539798194545308,17.915936474459023,2.02,bb449134,bb,G,V
68719561095,2458113.715866,8.656861608440387,0.08790872160943283,14.116380217536488,0.011037829018539363,17.352276482472927,2.12,bb449343,bb,G,V
68719561095,2458120.954432,8.752843204321998,0.1396782146563576,14.104408532710673,0.01734569474415331,16.849534705383594,1.75,bb451268,bb,G,V
68719561095,2458121.9001396,8.610147473050493,0.1192804098642815,14.122254929430017,0.01505811832184131,17.020933586815733,1.71,bb451577,bb,G,V
68719561095,2458123.9325224,8.766766933142074,0.07493728317852683,14.102682752336626,0.009291175332194921,17.525611534004348,2.00,bb452337,bb,G,V
68719561095,2458161.8335124,8.71842000186439,0.035468442575982036,14.108686937209926,0.004421977257995053,18.337751096271173,1.71,bb462322,bb,G,V
68719561095,2458169.8130729,8.784990646876995,0.04895252413087793,14.100428145889722,0.006056838020489579,17.98791866824992,1.65,bb463287,bb,G,V
68719561095,2458183.7697651,8.675007898006491,0.04632696214845857,14.114106707370064,0.005804651042588734,18.047771837072414,1.99,bb464350,bb,G,V
68719561095,2458185.7586774,8.58154361339242,0.04486387411240628,14.12586786948671,0.005682553483834797,18.08261446036152,2.04,bb465105,bb,B,V
68719561095,2458195.7310928,8.558058691010864,0.07969787836036077,14.128843253162525,0.01012240413162365,17.458739493218417,2.49,bb466964,bb,G,V
68719561095,2458196.7303799,8.785653033832782,0.04120861163243518,14.100346284631494,0.005098308457345225,18.1748864365046,2.20,bb467202,bb,G,V
68719561095,2458322.1235896,8.651217114478776,0.09493025431268162,14.117088376052177,0.011927230315701105,17.268844782864726,1.63,bb493088,bb,G,V
68719561095,2458323.1155397,8.552984865800449,0.0459821589746701,14.129487145613705,0.0058436450391737725,18.055882997180383,1.67,bb493400,bb,G,V
68719561095,2458338.9730849,4.566706967212983,0.07365959062160464,14.751057759678881,0.0175322771944026,17.484567359331486,1.44,br091594,br,G,g
68719561095,2458344.0896154,8.835839549535777,0.043317099873972406,14.094161852278997,0.005328730105031534,18.120707962557148,1.72,bb499345,bb,G,V
68719561095,2458345.9493749,4.5647740891835475,0.027575989715206098,14.751517399396539,0.006566349457551264,18.551312840380632,1.46,br092317,br,G,g
68719561095,2458350.9153521,4.921264479232407,0.09427157700662361,14.669873858353453,0.020821702608018494,17.216688681026575,1.38,br093153,br,B,g
68719561095,2458358.9320535,4.801638055496534,0.09279264154213789,14.696592072018092,0.021005658012513004,17.233856766378665,1.52,br095198,br,B,g
68719561095,2458363.0433696,8.670320591551283,0.06062021114331068,14.11469351418069,0.007599665220641561,17.75581278191635,2.15,bb502950,bb,G,V
68719561095,2458366.9618075,4.584092698651518,0.03755641928329849,14.746932144110673,0.00890518529111748,18.215930164147302,1.46,br097067,br,B,g
68719561095,2458372.0507928,8.720953941934544,0.03008263204809587,14.108371422386622,0.0037494193081935895,18.51656681438024,2.15,bb504859,bb,G,V
68719561095,2458372.9192045,4.5477544853365295,0.02183641224411883,14.755573095117692,0.005219109953419743,18.804687399823944,1.44,br097838,br,G,g
68719561095,2458378.9926345,8.748792765174306,0.03181667005508812,14.10491108098833,0.003952926757399437,18.455719583022812,2.10,bb506356,bb,G,V
68719561095,2458383.9683291,8.43988465685615,0.17737391402353658,14.14394012599586,0.022843645437459793,16.590132019941297,2.49,bb507696,bb,G,V
68719561095,2458384.9768638,4.621281317141548,0.030544703350975755,14.738159605571315,0.007184320155706556,18.440300832350594,1.46,br099552,br,G,g
68719561095,2458385.9686086,8.6210463073857,0.10164125339288005,14.120881459807869,0.012815106115191835,17.194681363852347,1.63,bb508446,bb,B,V
68719561095,2458389.8450932,4.68004591459241,0.06896474266618612,14.724440337697185,0.01601729516741298,17.556072811370893,1.54,br100811,br,G,g
68719561095,2458397.1290839,8.72346342158685,0.08449631264893223,14.108059043603697,0.010528366275875155,17.39526200092292,2.05,bb511247,bb,B,V
68719561095,2458402.0708981,8.764631167821666,0.04043508486720472,14.102947292304444,0.0050146068170951776,18.19546049625981,2.11,bb511902,bb,G,V
68719561095,2458402.8071691,4.565627397143464,0.026375379872765208,14.751314458189633,0.006279288402725582,18.59964380319367,1.45,br103931,br,G,g
68719561095,2458408.8964967,8.735463628103208,0.026048080540788658,14.106566505065208,0.003241170958746719,18.67291707854749,1.61,bb513113,bb,G,V
68719561095,2458413.8801109,8.468280951951051,0.07815137768017866,14.14029325910736,0.01003121532390782,17.48001479787768,1.65,bb514371,bb,G,V
68719561095,2458417.7565943,4.657297941777987,0.10436114850196675,14.72973056731988,0.024356618880408774,17.106293486700732,1.42,br105661,br,G,g
68719561095,2458428.0960707,8.647820173671176,0.03458829559134509,14.117514779164233,0.004347450885174119,18.36503348918392,2.28,bb517041,bb,G,V
68719561095,2458429.0442199,8.840371360965309,0.037022326141992724,14.093605132077492,0.004552032624746883,18.291197137828267,2.06,bb517389,bb,G,V
68719561095,2458429.8542262,4.549245763367701,0.02799942375286135,14.755217124023916,0.0066899345157779445,18.534767878044473,1.47,br110147,br,B,g
68719561095,2458431.9330272,8.636835686619257,0.03423039675802437,14.11889476115345,0.004307938039795753,18.37632656119728,2.11,bb518144,bb,G,V
68719561095,2458433.8866093,4.554115107440093,0.02688775938664377,14.754055613735119,0.006417454265158672,18.578754078788375,1.45,br111105,br,G,g
68719561095,2458441.7978529,8.733083709055977,0.07546273394299675,14.106862346984983,0.009392410921533673,17.518025055613062,2.04,bb521004,bb,B,V
68719561095,2458442.8483961,4.591477006676092,0.0885296982238938,14.745184587815485,0.020957947238359528,17.28491815189621,1.41,br114126,br,G,g
68719561095,2458448.9510165,8.623613235236077,0.05789939956151575,14.1205582285471,0.007297884105124344,17.80567124379154,2.11,bb523433,bb,G,V
68719561095,2458449.7368953,4.6269867518925745,0.04626125009218246,14.736819982235854,0.010867540839820871,17.98959720071013,1.45,br116068,br,G,g
68719561095,2458450.7880099,4.545033268547583,0.045045835573220186,14.756222956030962,0.010772828681438197,18.018503993363634,1.51,br116533,br,G,g
68719561095,2458451.8544745,8.712831847811335,0.04293742743602761,14.10938307325722,0.005356595604449163,18.130266342553437,1.65,bb524654,bb,G,V
68719561095,2458454.8403766,4.629177667554597,0.03065642817144238,14.736305999036665,0.007198298904733817,18.4363367286066,1.49,br118039,br,G,g
68719561095,2458464.8638602,4.52745002534595,0.018713811052975555,14.760431459265513,0.004492837879325085,18.972235010846326,2.14,bB003742,bB,G,g
68719561095,2458465.9457347,4.4982010855529975,0.015377776907797012,14.767468457186578,0.003715924339946324,19.185406721162973,2.06,bB004257,bB,G,g
68719561095,2458469.7574091,4.47498145076011,0.032637866576659444,14.773087523626831,0.007927617649705723,18.368336204701613,2.23,bB005451,bB,G,g
68719561095,2458471.7407675,4.606359629047238,0.06618966804864773,14.741671018990179,0.015618687456260702,17.600665103841862,1.62,br120286,br,G,g
68719561095,2458476.8888982,4.360408372810603,0.10455883928491383,14.801247710032255,0.02606428172528123,17.104238727778633,1.50,br122523,br,G,g
68719561095,2458483.9643719,4.559002066993061,0.027515300828040583,14.752891149518344,0.006560193490409823,18.553704948026922,2.08,bB009118,bB,G,g
68719561095,2458484.9557662,4.530558717445205,0.017599553674378553,14.75968621386115,0.004222426159582163,19.038886475885835,2.15,bB009518,bB,G,g
68719561095,2458485.9442358,4.498343875851267,0.02166101921482406,14.76743399226761,0.005234056522327131,18.81344339242714,2.11,bB009880,bB,G,g
68719561095,2458487.845805,4.479265553989933,0.02459627150362493,14.772048596214177,0.005968629767332506,18.675467415647738,1.54,br125408,br,G,g
68719561095,2458489.8062569,4.49380724788853,0.016318426386988476,14.768529521374447,0.003947080728527282,19.120944919698704,2.10,bB010967,bB,G,g
68719561095,2458490.8251199,4.473787695150689,0.017702611831173623,14.773377195574186,0.004301046605892268,19.032547244946556,2.16,bB011394,bB,G,g
68719561095,2458491.7277883,4.589446364624761,0.028663945221818834,14.745664875372809,0.006788719100800856,18.509300698439294,1.43,br126481,br,G,g
68719561095,2458493.7972438,4.4472565365469405,0.020635031163221632,14.77983516700186,0.00504341980608323,18.86612778871815,2.02,bB012479,bB,G,g
68719561095,2458495.8489656,4.523174633679387,0.025270783489226685,14.76145723329594,0.006072779661997789,18.64609384421927,1.60,br127162,br,G,g
68719561095,2458497.8391313,4.394423238405951,0.040339724136095795,14.792810915688815,0.009977993437608013,18.138308301550826,2.13,bB014313,bB,G,g
68719561095,2458504.7855437,4.486197909621763,0.13284675599166385,14.770369550613395,0.03218731110977678,16.84426322703638,1.48,br129824,br,G,g
68719561095,2458505.8293294,4.294189589383776,0.07638848548892298,14.817862585489062,0.019335653622101687,17.445070862434115,2.07,bB017086,bB,B,g
68719561095,2458506.8874071,4.568548817213558,0.06002702021827887,14.750619947470083,0.014281725711452517,17.706773648391426,2.23,bB017583,bB,G,g
68719561095,2458507.7779711,4.680822908116378,0.058902700567529526,14.724260095880373,0.013678080924383386,17.72730259456401,1.52,br130859,br,G,g
68719561095,2458508.7084318,4.690413864453823,0.04772387340194293,14.72203770999422,0.011059530552307658,17.955801399008124,1.49,br131258,br,G,g
68719561095,2458509.7170328,4.480948144290592,0.018976062408087167,14.771640827093888,0.004603078216310078,18.9571253614788,1.54,br131719,br,G,g
68719561095,2458512.8057458,4.620638117625785,0.027544145868143695,14.738310731104749,0.006479470632618243,18.5525673373493,1.43,br132905,br,G,g
68719561095,2458515.6937696,4.544213043471776,0.02775970840189374,14.756418912446424,0.006640004726970795,18.544103361894507,1.43,br133289,br,B,g
68719561095,2458534.7380406,4.475574745141452,0.11123909595957798,14.772943585936982,0.02701598514400563,17.03699698470698,1.60,br137474,br,G,g
68719561095,2458536.7273484,4.550204524405632,0.06554420069344358,14.754988327439172,0.015657251454037246,17.61130493233251,1.55,br137902,br,G,g
68719561095,2458558.6674489,4.59947499887709,0.06461517875327788,14.743294965960278,0.015269979718633517,17.626804236173477,1.39,br143157,br,G,g
68719561095,2458561.6537563,4.413703059941245,0.09190804094635839,14.788057842677853,0.022634065579445927,17.244256838802087,1.45,br143919,br,G,g
68719561095,2458566.6342664,4.530817555461789,0.03299440270749356,14.75962418579888,0.007915454719770123,18.356539934431453,1.44,br145128,br,G,g
68719561095,2458570.5967235,4.5652196998998456,0.054227462305857344,14.751411415603018,0.012911294019871076,17.817092408593926,1.46,br146292,br,G,g
68719561095,2458571.6089932,4.539743242254957,0.03041334776343221,14.75748739521939,0.00728190669280284,18.4449800415848,1.49,br146584,br,G,g
68719561095,2458572.6080775,4.682785013422532,0.03584589884079521,14.723805072812882,0.008320461736108283,18.266541924312506,1.43,br146978,br,G,g
68719561095,2458575.6068227,4.682186618723694,0.03712179678140397,14.723943823642179,0.00861772124777473,18.228568139142762,1.64,br147745,br,G,g
68719561095,2458577.6116741,4.620129155291491,0.04054772298689165,14.738430331310541,0.009539476162001983,18.132724434371042,1.58,br148525,br,G,g
68719561095,2458581.5894173,4.627656874184086,0.057345196886270086,14.736662747432616,0.013469394434507552,17.756397991033992,1.45,br149754,br,G,g
68719561095,2458585.5926336,4.660296673664442,0.19101553622297607,14.72903171058179,0.04455200975173168,16.449968881523056,2.10,br150945,br,G,g
68719561095,2458691.1207909,4.50143620427879,0.053750063462366944,14.76668787335515,0.012978964795452975,17.826693158050308,2.00,bB056710,bB,G,g
68719561095,2458695.1274993,4.5770021387783695,0.08122730449880643,14.748612833862317,0.019290038695903504,17.378385507554825,2.05,bB057967,bB,B,g
68719561095,2458697.9696156,4.6625276078721445,0.10408685350205094,14.728512081333651,0.024265354279155223,17.109150910914195,1.51,br176538,br,G,g
68719561095,2458700.1063386,4.4240121326571025,0.01905099481271304,14.785524848953147,0.0046807292648312895,18.95284646451134,2.14,bB058794,bB,G,g
68719561095,2458701.1251528,4.330881150146289,0.03214421841647201,14.808624957776297,0.00806749634374315,18.384883435447126,2.01,bB059133,bB,G,g
68719561095,2458703.0970372,4.450662164074559,0.019812667398283156,14.779004048307339,0.004838720003384053,18.910283239055783,2.01,bB059234,bB,G,g
68719561095,2458706.0994712,4.489085137213505,0.018953934631626344,14.769671017181189,0.004589376728384281,18.958392165203286,2.03,bB060392,bB,G,g
68719561095,2458706.9747019,4.400230947274026,0.09870342480252675,14.791376944422126,0.024381977353611164,17.16681005633764,1.44,br178874,br,G,g
68719561095,2458707.9437767,4.548616612444387,0.03640437759491537,14.755367289394323,0.008699342903156345,18.24975658562968,1.43,br179074,br,G,g
68719561095,2458708.9427806,4.579799302552176,0.04616271384707452,14.747949505713558,0.010956127018337451,17.9919122801499,1.46,br179424,br,G,g
68719561095,2458726.9201176,4.450786470523676,0.029903118532616978,14.778973724251593,0.007302841851575493,18.46334940560745,1.68,br184038,br,G,g
68719561095,2458727.9447655,4.29078925082093,0.05821443020280836,14.818722662362374,0.014747066534708886,17.740063983981507,1.47,br184444,br,G,g
68719561095,2458729.9665887,4.549998713162465,0.02990515753223344,14.755037437708967,0.007144091254193845,18.46327537519388,1.41,br185239,br,G,g
68719561095,2458750.8908586,4.389119308359385,0.03860197161926348,14.794122156466287,0.00955970021676878,18.186116893707155,1.54,br186913,br,G,g
68719561095,2458751.8924384,4.251932144063281,0.13540938400524033,14.828599809614353,0.03461581889416524,16.823518705361185,1.58,br187240,br,B,g
68719561095,2458752.9115863,4.396904311490018,0.0584595805868249,14.792198086527291,0.014451763758181536,17.735501373380643,1.34,br187599,br,G,g
68719561095,2458753.9067336,4.539612040810343,0.030250972637054424,14.757518774134326,0.007243238343100522,18.450792254539987,1.48,br187996,br,G,g
68719561095,2458755.9506058,4.498966769482773,0.01589025268713641,14.767283658863512,0.003839106771698017,19.14981360288622,2.18,bB075296,bB,G,g
68719561095,2458757.0217229,4.459994706927126,0.01871179643447803,14.776729764040947,0.0045602989475124565,18.9723519010929,2.05,bB075697,bB,G,g
68719561095,2458762.9442473,4.527680664310484,0.034622795420535195,14.760376150715551,0.008311865626884176,18.304235287465097,1.42,br190372,br,G,g
68719561095,2458764.8682603,4.523927607212482,0.042267619818242945,14.76127650567593,0.010155570338168635,18.087621130319327,1.40,br190865,br,G,g
68719561095,2458770.012622,4.470476869508541,0.10963692846255932,14.774180991885334,0.026657239908485706,17.052748461330424,2.11,bB078960,bB,G,g
68719561095,2458777.8942314,4.563102971442108,0.04364733738801843,14.751914949241375,0.010397038665875463,18.05274622232108,1.43,br194857,br,G,g
68719561095,2458780.0941979,4.493458974591184,0.019018060785946537,14.768613669972899,0.0046004214835402,18.954725033526888,2.06,bB082225,bB,G,g
68719561095,2458781.0085507,4.548939066494004,0.020240833601244547,14.75529032365791,0.004836491710860838,18.88706962499442,2.04,bB082585,bB,G,g
68719561095,2458782.8426466,4.5893575527027854,0.028395179615458732,14.745685886022992,0.006725195261981739,18.519529060980485,1.43,br196577,br,G,g
68719561095,2458783.9814263,4.385710463935026,0.048549274734689146,14.79496572975264,0.01203247483675132,17.93718374524897,1.55,br197126,br,G,g
68719561095,2458784.8192562,4.612697427727738,0.032738621858085036,14.74017820285344,0.007714674352470271,18.36498962717527,1.45,br197438,br,G,g
68719561095,2458785.8897942,4.513847365433635,0.045082984457763944,14.763698448692534,0.010856203147472345,18.017608965753467,1.39,br197910,br,G,g
68719561095,2458789.907126,4.437458941708504,0.022836638328198045,14.782229753024032,0.00559383946792656,18.756060176755117,1.60,br199408,br,G,g
68719561095,2458790.8197503,4.608956048245225,0.09843796277271868,14.741059205678667,0.023215188971753755,17.169734068535167,1.50,br199757,br,B,g
68719561095,2458791.725856,4.5630339915236675,0.06495798500269774,14.751931362318487,0.015473587435218367,17.62105924988425,1.45,br200125,br,B,g
68719561095,2458792.8572242,4.385646643902279,0.044093395932268076,14.79498152929638,0.010928286787728798,18.041706741227706,2.03,bB085646,bB,G,g
68719561095,2458794.8487817,4.3560711211712295,0.03331751026872649,14.802328217713347,0.008313611983673388,18.345959260829275,2.04,bB086133,bB,G,g
68719561095,2458796.1190733,4.411537216818991,0.029002779164538153,14.788590753797578,0.007145980734621557,18.49654157204025,2.09,bB086649,bB,G,g
68719561095,2458796.8482971,4.5718573477767634,0.06191982638353477,14.749833944855087,0.014721404014337183,17.67306628653717,2.08,bB086879,bB,B,g
68719561095,2458797.0134888,4.504355368513082,0.07441479745368935,14.765984005764567,0.01795720869885206,17.473492351425335,1.43,br201665,br,G,g
68719561095,2458797.8898182,4.190434155973293,0.06423900809927359,14.844418069773669,0.016662953337191935,17.63314354525573,2.03,bB087259,bB,G,g
68719561095,2458803.7755961,4.556837121940912,0.06743928092115846,14.753406858323624,0.01608650128522215,17.58035828412192,1.57,br203774,br,B,g
68719561095,2458804.7458387,4.4610569363530965,0.10079804216612394,14.776471206866951,0.024559894857690796,17.144010369578794,1.51,br204195,br,B,g
68719561095,2458805.851739,4.579610111886051,0.046892401366420464,14.74799435820274,0.011129768744494346,17.97488442746873,1.42,br204726,br,G,g
68719561095,2458806.9155836,4.427533633302525,0.08430100652927512,14.784660949912542,0.020695840263514856,17.338058711431323,1.43,br205224,br,B,g
68719561095,2458809.6806007,4.3636875890554325,0.025882255055094908,14.8004314961842,0.006447044009294133,18.620135329893497,1.54,br205975,br,G,g
68719561095,2458810.8657735,4.45550590981462,0.019504852558810886,14.777823062143248,0.004758365744203842,18.92728393209475,1.42,br206325,br,G,g
68719561095,2458811.9259771,4.410730618229756,0.018144446784965653,14.788789286263347,0.0044714190172381275,19.005781283145573,2.05,bB091243,bB,G,g
68719561095,2458812.7309548,4.507867141100668,0.02274375192680419,14.76513785292488,0.005484072336617397,18.76048533713505,1.52,br207128,br,G,g
68719561095,2458846.6928127,4.52954841901033,0.02380681846176702,14.75992835616176,0.005712926365964559,18.710887210794446,1.46,br219171,br,G,g
68719561095,2458847.6760723,4.590169193017504,0.03057659976404063,14.745493887611389,0.0072405685125263705,18.439167640096986,1.47,br219436,br,G,g
68719561095,2458849.8356214,4.439199653233757,0.027107001099530115,14.781803927578787,0.006637262103870625,18.56993692796377,1.49,br220279,br,G,g
68719561095,2458903.7360727,4.477731001365845,0.01867260282204807,14.772420622562091,0.004532721462963864,18.974628462463286,2.21,bB112165,bB,G,g
68719561095,2458904.7274405,4.527781597021212,0.02632972818302091,14.760351947357375,0.006320814984314069,18.601524672300584,1.50,br234648,br,G,g
68719561095,2458906.8191207,4.467554504061777,0.029264894537283228,14.7748909733006,0.007120152187597798,18.486773203007484,2.27,bB113086,bB,G,g
68719561095,2458920.6735354,4.6844318674278025,0.07734650753048271,14.72342330540883,0.017947169085451253,17.43153884009265,2.06,br237948,br,B,g
68719561095,2458923.6067786,4.487169179225051,0.0623342340916486,14.7701345122902,0.015099631764994546,17.66582404239985,1.50,br238207,br,B,g
68719561095,2458929.727053,4.483095889780382,0.047425639152351505,14.77112055185369,0.011498662763784966,17.962607630043394,2.07,bB115530,bB,G,g
68719561095,2459051.1173959,4.48808468994371,0.03352283666281558,14.769913013678345,0.008118800881696382,18.3392887089449,2.05,bB149371,bB,G,g
68719561095,2459067.0895405,4.399027995359634,0.06786825322216437,14.791673807706339,0.016769577401346682,17.57347393253813,2.17,bB153693,bB,G,g
68719561095,2459069.0915238,4.4077595651054535,0.05029024065493276,14.789520880901046,0.012401607722085841,17.89893132678143,2.02,bB154117,bB,G,g
68719561095,2459073.0611059,4.557602057878119,0.040036631113872706,14.753224615921889,0.009548459199605596,18.146496794956533,2.19,bB155452,bB,G,g
68719561095,2459078.0550655,4.548514794737325,0.0217735727765027,14.755391593137094,0.005203220831196165,18.80781636821348,2.09,bB156908,bB,G,g
68719561095,2459079.9213086,4.717529531365189,0.06271415405591203,14.715779053544974,0.014449842508288306,17.659226690200292,1.47,br270646,br,G,g
68719561095,2459081.0349999,4.49545943072028,0.019876389794770723,14.768130415462554,0.004805909573650302,18.90679684873756,2.27,bB158033,bB,G,g
68719561095,2459084.0365201,4.592077464547924,0.024523283832765898,14.74504260818138,0.005804724223899573,18.678694049705534,2.03,bB158816,bB,G,g
68719561095,2459086.0442395,4.560382413397296,0.02505596339728583,14.752562466791817,0.00597203049093596,18.65536284658157,2.24,bB159496,bB,G,g
68719561095,2459088.0182372,4.515505180677259,0.020352847602524846,14.76329976007298,0.004899265874435102,18.88107765965888,2.04,bB160262,bB,G,g
68719561095,2459090.0291929,4.4790975455116655,99.99,14.772089320816553,99.99,99.99,2.04,bB160992,bB,G,g
68719561095,2459092.0149779,4.486361508724323,0.056249722718558964,14.770329957569661,0.013628193545272407,17.777339646576863,2.11,bB161706,bB,G,g
68719561095,2459093.045167,4.442966426805624,0.05193202585163929,14.780883043494788,0.012704992287584978,17.86405244990798,2.06,bB162063,bB,G,g
68719561095,2459096.0018715,4.490652522687284,0.06251549598867491,14.769291993375056,0.015131793371085235,17.662671408552836,2.06,bB163258,bB,G,g
68719561095,2459098.0007725,4.446999902003343,0.0730028909788661,14.779897822585804,0.017843708163686304,17.49429046417843,2.00,bB164065,bB,B,g
68719561095,2459106.017842,4.5531244509282915,0.023276842136940618,14.75429181958843,0.005556824909778481,18.735330458388212,2.01,bB166946,bB,G,g
68719561095,2459109.0317057,4.548158882137101,0.017086387803457042,14.755476553246629,0.004083445881557425,19.071014963540026,2.03,bB168010,bB,G,g
68719561095,2459115.9395344,4.492986094070856,0.022901579487690015,14.768727936181172,0.0055404180340379175,18.752977021407688,2.06,bB170459,bB,G,g
68719561095,2459121.0402292,4.480390728237281,0.024214023810576763,14.771775897712146,0.005874396385247389,18.69247319860581,2.28,bB171874,bB,G,g
68719561095,2459122.8096136,4.7204597929824565,0.07932891616838436,14.715104865194009,0.01826667031883404,17.40406180950039,1.69,br276666,br,B,g
68719561095,2459124.9458629,4.467539643827247,0.1555019551810234,14.774894584744281,0.037833769323286894,16.673300976604313,2.05,br276936,br,B,g
68719561095,2459127.8314464,4.709055393810048,0.11625343240299855,14.717731124310625,0.02683392229598724,16.989126150511925,1.62,br277694,br,B,g
68719561095,2459132.0371762,4.308466755966127,0.034080201985580906,14.81425875656239,0.008597884098587498,18.32138521127571,2.09,bB175195,bB,G,g
68719561095,2459134.8617871,4.49677123262101,0.029788674826779774,14.767813637372551,0.007200498469223207,18.467512652180847,1.47,br280230,br,B,g
68719561095,2459136.7851255,4.5054655187105865,0.0248427593968562,14.765716446557047,0.005993387194346316,18.66464102838632,1.53,br280857,br,G,g
68719561095,2459138.9514886,4.465618768282027,0.06364817204090649,14.775361511235497,0.01549232016580154,17.643175773084153,2.18,bB177417,bB,B,g
68719561095,2459140.0367047,4.552460861842573,0.035628827439081044,14.75445007030422,0.008506824665188394,18.27313678704909,2.04,bB177827,bB,B,g
68719561095,2459143.8550754,4.562578948620346,0.019397567430581217,14.75203964141349,0.004621139198242339,18.93327243580673,2.10,bB179075,bB,G,g
68719561095,2459144.8713127,4.495720076719908,0.010256542872516384,14.76806746648055,0.002479784322762506,19.62513811213378,2.05,bB179381,bB,G,g
68719561095,2459145.8632158,4.439771510322236,0.015735342178667372,14.781664072198176,0.0038523677993640587,19.160450132786632,2.01,bB179757,bB,G,g
68719561095,2459148.8454032,4.368875228489885,0.045047611264144284,14.799141517805236,0.011207643224284886,18.018461194869563,2.27,bB180811,bB,G,g
68719561095,2459161.921136,4.431628134017232,0.021527822657023844,14.78365734526017,0.005280182932380602,18.82014034364821,2.12,bB183766,bB,G,g
68719561095,2459161.9369169,4.539572819976536,0.03423406306991556,14.757528154597416,0.008197013154128845,18.31649449534407,1.51,br288156,br,G,g
68719561095,2459163.9247725,4.319703396062525,0.03780806928612004,14.811430802626672,0.00951355306532677,18.208679361026675,1.46,br288768,br,B,g
68719561095,2459164.9974791,4.47934331405114,0.014769682131444365,14.772029747994551,0.0035840080099303743,19.22921273979149,2.16,bB184508,bB,G,g
68719561095,2459166.9291386,4.42425738631856,0.021666772502694616,14.785464660736887,0.005323116993525259,18.813155053108353,1.48,br290005,br,G,g
68719561095,2459171.943979,4.427226669341666,0.031059487870092495,14.784736227362096,0.007625612019385186,18.422154885168375,1.44,br292152,br,G,g
68719561095,2459173.7747035,4.372219449928124,0.030039696589374505,14.798310742575598,0.00746802499115686,18.45840175684237,1.42,br292889,br,B,g
68719561095,2459174.757526,4.369528878570339,0.03548427776870144,14.798979087331613,0.008827008176797425,18.277550685899627,1.47,br293301,br,B,g
68719561095,2459179.902129,4.370932656062825,0.07585271005228662,14.79863033410981,0.018862930264678772,17.45271285695013,1.98,bB187746,bB,B,g
68719561095,2459181.7360258,4.735234081649376,0.06506942095161428,14.711711990303664,0.014936459370243025,17.619198256457768,1.44,br295653,br,B,g
68719561095,2459187.9475455,4.431756062199716,0.038785153128174564,14.783626003674097,0.00951265695756617,18.180976835373784,2.35,bB190540,bB,G,g
68719561095,2459189.8451026,4.391880588011338,0.04660876503865976,14.793439313641144,0.011535309331330847,17.981471621757194,1.53,br297992,br,G,g
68719561095,2459191.9096151,4.544336445066955,0.03909648337546238,14.756389428846255,0.009351459359518921,18.172296372640215,1.49,br298892,br,G,g
68719561095,2459195.83098,4.455343730558897,0.02315482308622083,14.777862583377864,0.005649011049508024,18.741036943622863,1.51,br300222,br,G,g
68719561095,2459199.74035,4.472273210479306,0.01489570598385736,14.7737448056033,0.0036203031440753845,19.219987882741155,2.09,bB194828,bB,G,g
68719561095,2459203.919686,4.492908142249317,0.024724701728916665,14.768746773508353,0.005981576952260203,18.669812958672775,1.43,br303723,br,G,g
68719561095,2459205.8988004,4.450813679936926,0.023249960027530568,14.77896708673821,0.005677994519522681,18.73658508502648,1.41,br304581,br,G,g
68719561095,2459207.8732099,4.365683052072092,0.033763122693868816,14.799935115272163,0.008406255325603771,18.33153409401674,2.21,bB196561,bB,G,g
68719561095,2459209.824417,4.634378597198474,0.059848716854251166,14.735086847763723,0.01403703899844783,17.710003502325957,2.13,bB197406,bB,G,g
68719561095,2459215.6318595,4.351223872831639,0.06360006492068274,14.803537050895875,0.01588760021754069,17.64399671403971,1.49,br307660,br,B,g
68719561095,2459216.8346356,4.087335821362157,0.07187130544433404,14.871464818697586,0.01911293507382741,17.511251778202436,1.48,br308177,br,G,g
68719561095,2459217.881401,4.542415355446324,0.0829750213190067,14.756848514035457,0.019855128495900373,17.355272179779274,1.70,br308611,br,B,g
68719561095,2459219.863352,4.4955054145558355,0.041164806096042915,14.7681193095766,0.00995313103335265,18.116325426346197,1.58,br309432,br,G,g
68719561095,2459220.7815698,4.4613840336753094,0.027975978021025118,14.776391600533536,0.006815972696466799,18.535677416183855,1.63,br309790,br,B,g
68719561095,2459221.7916481,4.409442990471307,0.028676646211453594,14.789106292287844,0.007068980750744109,18.50881971545103,1.43,br310229,br,G,g
68719561095,2459222.7728416,4.311318535761286,0.029998940039457807,14.813540344077676,0.007563241558395313,18.459875836571943,2.27,br310645,br,G,g
68719561095,2459223.7407479,4.315503066348486,0.03200493677426631,14.812487048455182,0.008061163257166385,18.389598177481773,1.50,br311051,br,G,g
68719561095,2459230.8402978,4.488698244335643,0.012141630903545517,14.769764595648674,0.002940145266350261,19.441948045162842,2.07,bB204908,bB,G,g
68719561095,2459233.8274934,4.418805335880853,0.033988095715130916,14.786803447871248,0.008360536274153597,18.324323529903506,1.51,br314275,br,G,g
68719561095,2459243.8412345,4.419733750396532,0.07177485897507725,14.786575352878044,0.017651776207756195,17.512709741798634,2.30,bB207693,bB,G,g
68719561095,2459245.7726135,4.809160700055263,0.07705580874080317,14.69489239867591,0.017415993989915255,17.435627154065983,1.44,br317368,br,G,g
68719561095,2459254.716357,4.771812724846192,0.03919626685970492,14.703357144888036,0.008928396889749455,18.16952884691624,2.08,bB210107,bB,G,g
68719561095,2459257.8366812,4.421186697578763,0.017250929043599865,14.786218485653002,0.0042411712313051,19.06060938934735,2.11,bB211155,bB,G,g
68719561095,2459262.7461033,4.520399222796165,0.01935476506606456,14.762123643328396,0.004653966846378295,18.935670851216013,2.41,bB212485,bB,G,g
68719561095,2459268.7549183,4.522406989420268,0.03648746121625152,14.761641513135809,0.00876972904550377,18.247281495516884,2.18,bB213942,bB,G,g
68719561095,2459270.6531058,4.6873514264107605,0.09065926194391745,14.72274683415616,0.02102310389418661,17.259110163566373,1.47,br322893,br,G,g
68719561095,2459274.7120083,5.216093248207889,0.15928716474169025,14.606702255570276,0.0331930842311535,16.647188656346728,1.49,br323945,br,B,g
68719561095,2459275.7181664,4.979252814395186,0.10819849872225334,14.657155178500911,0.023619420064096827,17.06708752423772,1.44,br324260,br,B,g
68719561095,2459276.6786699,4.640314678138563,0.03550144577647841,14.733697040321097,0.008315929132933478,18.277025511905773,1.47,br324622,br,G,g
68719561095,2459277.7086632,4.256422597154172,0.036628176037160384,14.827453771843832,0.009353684676333454,18.24310237953096,1.46,br325046,br,B,g
68719561095,2459288.7437189,4.577052851912395,0.020819364394741174,14.748600803983598,0.004944173606794195,18.856471945008078,2.43,bB215908,bB,G,g
68719561095,2459291.6473164,4.685878673021997,0.04086468432065738,14.72308802319581,0.009479147504795163,18.12427024057579,1.40,br328605,br,G,g
68719561095,2459297.6328045,4.830198134866472,0.1038255132756963,14.690153257559613,0.023364221430856588,17.111880394487958,1.50,br330276,br,B,g
68719561095,2459299.6325194,5.038659082414052,0.10433637567823986,14.644278185231418,0.02250779466185909,17.10655124492615,1.48,br330653,br,B,g
68719561095,2459301.633272,4.798928715751046,0.14196780886269666,14.697204875074588,0.03215568408295726,16.7721659127769,1.51,br331390,br,B,g
68719561095,2459304.6273781,4.397835396357652,0.03683049647292813,14.79196819625473,0.009102921035492888,18.23712167854602,1.40,br332277,br,G,g
68719561095,2459307.6240506,4.422965979429159,0.05780629120775736,14.785781625092119,0.014206061163041689,17.747702845489044,1.68,br333238,br,B,g
68719561095,2459312.6014459,4.5813499214833096,0.04202506635486744,14.747581961623133,0.009970733677586711,18.093869591854666,1.64,br334604,br,G,g
68719561095,2459314.6014913,4.534894926753911,0.041199978754596724,14.758647549943886,0.009875109859464375,18.115398131235793,1.59,br335349,br,G,g
68719561095,2459317.6027683,4.674191551466234,0.04875870348884558,14.725799357041058,0.011338557730292464,17.932510238801818,1.68,br336368,br,G,g
68719561095,2459409.1210207,4.744070766328997,0.13713814130429924,14.709687725567008,0.031420947201687054,16.80974496399645,2.04,bB252912,bB,G,g
68719561095,2459411.116958,4.4690106658889635,0.05200667645738708,14.774537144374232,0.012649107459243261,17.862492859928437,2.03,bB253563,bB,G,g
68719561095,2459419.9598597,4.525566328988369,0.1910860913255404,14.760883285990145,0.045895310792265935,16.449567918927595,2.26,br357080,br,B,g
68719561095,2459424.0900376,4.528510222486103,0.042347106012526316,14.760177241183056,0.010164372121440005,18.085581271099787,2.31,bB257427,bB,G,g
68719561095,2459424.9648256,4.78873129896137,0.11342613277677634,14.699514449832451,0.02574570738268523,17.01585779839126,1.68,br358283,br,G,g
68719561095,2459432.0667386,4.6095386969539085,0.030665939765910064,14.740921959237463,0.007231210195901428,18.43599991569775,2.08,bB260172,bB,G,g
68719561095,2459433.0921782,4.671279170164548,0.03668154842589066,14.726476065153012,0.008535402581731612,18.2415214611619,2.42,bB260547,bB,G,g
68719561095,2459434.0688963,4.544268054754241,0.02728302485167611,14.756405768833009,0.006525905038606689,18.56290931492265,2.22,bB260903,bB,G,g
68719561095,2459437.0529587,4.489354659929633,0.021982486912478068,14.769605832009244,0.005322370212100292,18.79744855327197,2.01,bB262018,bB,G,g
68719561095,2459439.0553269,4.408159318755191,0.021565220670301068,14.789422416517123,0.005317515896169229,18.818255845174225,2.18,bB262774,bB,G,g
68719561095,2459441.0462005,4.500402717298054,0.026073629039393087,14.766937176691242,0.006297414456009032,18.612136905587363,2.04,bB263380,bB,G,g
68719561095,2459445.0448945,4.466039028582675,0.03290985796370558,14.775259337185718,0.00800968923787273,18.359325591646087,2.01,bB264773,bB,G,g
68719561095,2459447.88973,10.064034932605722,1.1288365857890894,13.893135283395608,0.12191892189542483,14.521062920107921,1.58,br361333,br,B,g
68719561095,2459449.9106304,5.341573104406085,0.28575528330885447,14.580892681043881,0.058148332474896904,16.012654939489806,1.44,br361880,br,B,g
68719561095,2459454.9389381,4.63544356529815,0.17983939593675455,14.734837377081858,0.04217020475504548,16.515428523597194,1.44,br363499,br,B,g
68719561095,2459461.0001555,4.469858741399118,0.01623978310136061,14.774331125861924,0.003949104250244735,19.126190050181645,2.29,bB269747,bB,G,g
68719561095,2459461.9988726,4.516106241466106,0.021556634299767858,14.763155246889193,0.005188346550339665,18.818688226085712,2.02,bB270144,bB,G,g
68719561095,2459465.0035767,4.4680075903482495,0.020513024939867994,14.77478086669951,0.0049903152105543035,18.872566341332465,2.02,bB270670,bB,G,g
68719561095,2459465.8609326,4.452562176002496,0.02834145064354473,14.77854064051435,0.006918696111326655,18.521585422354907,1.40,br365617,br,G,g
68719561095,2459466.8378207,4.6971791057461285,0.03784815975288431,14.720472821380092,0.008758300067565181,18.207528691059146,1.43,br365962,br,G,g
68719561095,2459468.9625496,4.479015917039554,0.016365279179158025,14.772109107792433,0.003971485536855334,19.117832065344103,2.04,bB272247,bB,G,g
68719561095,2459472.9933428,4.534733053935015,0.014763322149961414,14.758686305928242,0.0035387064911156026,19.229680369985736,2.02,bB273172,bB,G,g
68719561095,2459474.8242407,4.485895494834452,0.05360854691287806,14.770442742602993,0.012989638246144951,17.82955552241601,1.42,br368380,br,G,g
68719561095,2459476.0216365,4.294068588087115,0.1448046809926419,14.81789317969941,0.036654373155558286,16.75068410843965,2.08,bB273812,bB,G,g
68719561095,2459479.9816402,4.44635738950218,0.05984103546477365,14.78005470351679,0.014628739453024668,17.710142862003934,2.06,bB275317,bB,G,g
68719561095,2459486.9265434,4.411133046183514,0.03122531789046464,14.788690229960476,0.007694295902904868,18.416373440394253,2.10,bB277842,bB,G,g
68719561095,2459490.0721366,4.573587721120323,0.027666298817531586,14.74942308917882,0.006575158445793021,18.547762953076298,2.01,bB278913,bB,G,g
68719561095,2459493.9082412,4.424336786589022,0.02920668256391671,14.785445175664654,0.007175401788454028,18.48893503516761,2.03,bB280392,bB,G,g
68719561095,2459500.8962233,4.450975134366781,0.018161458132514394,14.778927702087865,0.004435143932619858,19.004763826766563,2.05,bB282049,bB,G,g
68719561095,2459501.783996,4.396105469524167,0.029605949524266775,14.792395364062102,0.0073202019698504804,18.474193125524515,1.49,br375858,br,G,g
68719561095,2459502.7428769,4.42083881424107,0.05330462580789367,14.786303920723157,0.013106067218309241,17.83572836393811,1.42,br376238,br,G,g
68719561095,2459503.8281826,4.600082611579806,0.04730117230813234,14.743151544474442,0.01117682486762419,17.965460850472716,1.40,br376720,br,G,g
68719561095,2459506.8853639,4.300434637284528,0.0751793604676896,14.81628474435935,0.019001962139373767,17.462394044049002,2.07,bB283834,bB,G,g
68719561095,2459507.8533703,4.600535268750991,0.0938609236766953,14.743044711153923,0.022176276708458117,17.22142855206854,1.49,br378218,br,G,g
68719561095,2459509.7786151,4.247329789723395,0.1356300502633042,14.829775663061696,0.034709800033471266,16.821750804692925,1.52,br379003,br,G,g
68719561095,2459514.0567949,4.594239705109992,0.03805678932263311,14.744531495215947,0.009003900102269001,18.20156024630198,2.13,bB286897,bB,G,g
68719561095,2459515.8728492,4.49546850581753,0.020868173956411176,14.768128223661726,0.005045702744742683,18.853929490617354,2.02,bB287602,bB,G,g
68719561095,2459518.0589881,4.540614736257127,0.021542394798680076,14.75727898656512,0.005156933120383205,18.819405659529327,2.03,bB288595,bB,G,g
68719561095,2459520.9985903,4.372236024608174,0.03544457657662581,14.798306626657743,0.008811672895380365,18.27876612992472,1.42,br383090,br,G,g
68719561095,2459523.8131925,4.464314058648468,0.020502782452033103,14.775678774651333,0.004991950119831569,18.87310860251455,2.22,bB290953,bB,G,g
68719561095,2459524.8377209,4.52457714410591,0.018331819319704696,14.761120628933392,0.0044039232684657675,18.994626691085198,1.43,br384132,br,G,g
68719561095,2459527.8162476,4.3951777428681,0.030168874298382685,14.79262451523333,0.007460962124993904,18.453742847698575,2.06,bB292676,bB,G,g
68719561095,2459528.865043,4.396916033422833,0.028864366167143718,14.79219519201129,0.007135526540137145,18.501735548284127,1.40,br385689,br,G,g
68719561095,2459530.7923805,4.36537243823628,0.09965152926174346,14.800012367028895,0.024812746487237317,17.156430691913123,2.34,bB293860,bB,B,g
68719561095,2459531.7874056,4.40732703756678,0.02678789435175022,14.789627427967417,0.00660656135138293,18.582794167787053,1.41,br386843,br,G,g
68719561095,2459532.801097,4.457451318568077,0.034548762722541135,14.777349100315295,0.008424770182649458,18.306559364394907,1.44,br387271,br,B,g
68719561095,2459534.8629785,4.330447976721795,0.05721493838131186,14.808733558214733,0.01436113555659157,17.75886702505578,1.52,br388166,br,G,g
68719561095,2459542.9688297,4.457067637335748,0.05055101525975056,14.777442560569817,0.01232800580741581,17.89331590562663,2.03,bB297830,bB,G,g
68719561095,2459547.8104613,4.471254235701857,0.015111866175604805,14.773992210851185,0.003673676474056326,19.204345363942963,1.50,br391776,br,G,g
68719561095,2459548.9127541,4.652963219771837,0.03268020481658218,14.730741573322405,0.007634266612340942,18.366928687137573,1.47,br392286,br,G,g
68719561095,2459550.7589849,4.490822945569267,0.01780340889195046,14.769250789834775,0.0043091281127853355,19.026382695386342,1.37,br393030,br,G,g
68719561095,2459552.841978,4.646389940977856,0.030643836041977353,14.732276486092326,0.007168687488575692,18.436782786424555,1.41,br393955,br,G,g
68719561095,2459555.9478955,4.689430928314376,0.06387986209277781,14.722265263729073,0.01480662233242435,17.639230686718236,1.53,br394950,br,B,g
68719561095,2459562.941498,4.289070218642626,0.042848319574627924,14.819157731375974,0.010858824414850393,18.072806125361048,1.40,br396198,br,B,g
68719561095,2459564.8136088,3.7080287001670653,0.16614477396128993,14.977207904963038,0.04870300642547917,16.601423898405496,1.44,br396968,br,G,g
68719561095,2459586.9273049,4.545597424978152,0.02053570582422221,14.756088196390351,0.004910557906315661,18.871366525438187,2.02,bB300976,bB,G,g
68719561095,2459588.9352747,4.383475415925061,0.019448125321484374,14.795519184230532,0.0048224900673536145,18.930446250472126,2.03,bB301856,bB,G,g
68719561095,2459599.7471352,4.391105194335001,0.019844067487647863,14.793631019061236,0.004912120666422987,18.908563873047534,2.07,bB305582,bB,G,g
68719561095,2459602.9105948,4.233703079791881,0.039867909721857095,14.833264630805012,0.010235645642492642,18.151081946042193,2.13,bB306909,bB,G,g
68719561095,2459605.7550137,4.314117976851203,0.03789553599940257,14.812835578667443,0.00954790764192662,18.206170476034448,2.05,bB308065,bB,B,g
68719561095,2459605.8083601,4.3413624700102345,0.0306445560704302,14.806000503369944,0.007672545268139299,18.43675727552656,1.41,br410050,br,G,g
68719561095,2459606.8792929,4.358516465310538,0.022086072186771673,14.801718894849019,0.005507975108980631,18.792344393208282,2.04,bB308570,bB,G,g
68719561095,2459607.7691149,4.594404631412443,0.03363763073360706,14.744492519617122,0.007958080542528634,18.335577114759865,1.52,br410880,br,G,g
68719561095,2459608.8004055,4.557765126754367,0.0321819061308898,14.753185769481753,0.007674887094473217,18.383611202089753,1.48,br411141,br,G,g
68719561095,2459609.779459,4.3630602108251715,0.029152399925598087,14.800587606404287,0.007262652746541687,18.490954828495234,1.48,br411509,br,G,g
68719561095,2459609.7806644,4.174266472834513,0.054775694280925,14.848615198055871,0.014263295963233202,17.806170884086537,1.48,br411510,br,G,g
68719561095,2459610.8092339,4.688689565920782,0.09074469796866297,14.722436923710141,0.021036910182155644,17.25808746271508,1.42,br411802,br,B,g
68719561095,2459614.85236,4.412674826292324,0.021359515266177378,14.78831080952768,0.0052614038726405766,18.82866213001871,2.05,bB311442,bB,G,g
68719561095,2459617.8076302,4.535773829490233,0.021439711482056718,14.758437145055359,0.005137829860058512,18.824593269733846,2.09,bB312480,bB,G,g
68719561095,2459625.7807048,4.597108115377118,0.06152513482994725,14.743853828123147,0.014547220747451243,17.680009176153682,2.28,bB315773,bB,G,g
68719561095,2459629.7220556,4.567590233685503,0.05086235546700694,14.750847783066654,0.012103793501035784,17.88664943956632,1.51,br416443,br,G,g
68719561095,2459630.7338981,4.485218853464237,0.053133576026424094,14.770606524716596,0.012876492512876234,17.83921799636764,1.53,br416852,br,G,g
68719561095,2459632.7898642,4.452962065532103,0.014484351129475877,14.778443133724473,0.0035355926440981357,19.25039300035595,2.02,bB317953,bB,G,g
68719561095,2459634.7936766,4.432147573732145,0.01791451493792592,14.783530091474898,0.004393422944889617,19.019627977707664,2.04,bB318817,bB,G,g
68719561095,2459639.6475085,4.611588519588185,0.08036672641621925,14.74043924890677,0.018942526428341176,17.389949915094533,1.42,br419313,br,B,g
68719561095,2459640.7880476,4.336780511371618,0.025328451383379094,14.80714701567231,0.006348240438852425,18.643619018352815,2.29,bB321247,bB,G,g
68719561095,2459643.5903172,4.505830316782313,0.020462026024103665,14.765628540337708,0.004936122994258289,18.875269029750818,2.06,br420146,br,G,g
68719561095,2459644.6458514,4.45913748647354,0.01952573289762032,14.77693846490211,0.004759580250482289,18.926122251238024,1.50,br420582,br,G,g
68719561095,2459645.7018737,4.648064205249464,0.03237835533400298,14.731885326089365,0.00757172511811132,18.37700364921809,1.62,br420929,br,G,g
68719561095,2459650.7554494,4.577747721586942,0.04830575285602111,14.748435984409728,0.011469887878873484,17.942643473753527,2.06,bB324563,bB,G,g
68719561095,2459652.638345,4.53814580206855,0.047466102922921596,14.757869510192322,0.011368870103312535,17.961681669946316,1.44,br423354,br,G,g
68719561095,2459653.6693944,4.367827292667045,0.07577418457610728,14.799401978056876,0.01885679963645552,17.45383743264384,1.53,br423746,br,G,g
68719561095,2459655.7388439,4.917615670435781,0.13152450993175163,14.670679162196185,0.02907128849013769,16.85512388078017,2.05,bB326572,bB,G,g
68719561095,2459657.6435252,4.705204882911434,0.09220410093417858,14.718619274669692,0.021300209307672974,17.24076501777023,1.51,br424909,br,G,g
68719561095,2459661.6425366,4.501737589536615,0.03011862229723772,14.766615182347817,0.007272221510172468,18.45555285583365,1.47,br425939,br,G,g
68719561095,2459661.6437768,4.404078223007817,0.03847256216131154,14.790428062064873,0.00949529055382935,18.18976283637789,1.41,br425940,br,G,g
68719561095,2459663.6579029,4.465831915542522,0.02994339502804069,14.77530968948651,0.007288041539464423,18.461888012009638,1.52,br426463,br,G,g
68719561095,2459664.6475022,4.579963254500952,0.029429349379257414,14.747910638206776,0.006984427922404552,18.4806889592616,1.43,br426828,br,G,g
68719561095,2459666.6333395,4.466336926987174,0.027944990475185543,14.775186917689531,0.006800872872667636,18.536880696626344,1.41,br427534,br,G,g
68719561095,2459667.652418,4.033555194748252,0.1588922196168529,14.885845611882226,0.042818041659877126,16.649884031737056,1.35,br427871,br,B,g
68719561095,2459670.6115739,4.389607264280997,0.031999696052830956,14.794001457545644,0.007923779104642004,18.389775978392827,1.66,br428527,br,G,g
68719561095,2459672.6139123,4.373370459527696,0.030276642862118668,14.79802495446652,0.007524950085957373,18.449871316413557,1.56,br429173,br,G,g
68719561095,2459678.597736,4.405420794250471,0.07893358252213195,14.790097128781596,0.01947540911838424,17.409486075501718,1.71,br431126,br,G,g
68719561095,2459681.5954957,4.680360545450725,0.19155903205614297,14.724367348107341,0.044487243486796,16.44688402670465,2.23,br432381,br,B,g
68719561095,2459681.5967245,4.5593815347564455,0.08693187141369485,14.752800782210391,0.020724557455828418,17.30469303909347,2.20,br432301,br,G,g
68719561095,2459802.9204458,3.7352703390785384,0.22060346363483174,14.969260524225433,0.06419518582295568,16.29360979419982,1.57,br461395,br,G,g
68719561095,2459818.973732,4.211451590255763,0.10588312529627142,14.838986089949376,0.027327953584743506,17.090573732293976,1.45,br463268,br,B,g
68719561095,2459818.9749606,4.130824635281293,0.1349039924820735,14.859973726311493,0.035497700189117604,16.827578604436702,1.48,br463269,br,B,g
68719561095,2459828.9086663,4.380103989773705,0.028843446399294197,14.796354568825187,0.007157723251854945,18.502522732872634,1.49,br464592,br,G,g
68719561095,2459830.8511225,4.450054878675418,0.10438348821317417,14.779152205302402,0.025496385183672466,17.106061097176994,1.51,br465132,br,G,g
68719561095,2459831.8463072,5.0083998767524305,0.19535611208145826,14.650818131813212,0.04239749327408546,16.4255731027203,1.57,br465380,br,B,g
68719561095,2459835.8227312,4.191668778953097,0.11738399979087638,14.844098227631788,0.030439261985863483,16.97861835204424,1.49,br466461,br,G,g
68719561095,2459844.8068506,4.550311905287341,0.02492650978985147,14.75496270530841,0.00595432421869604,18.66098692933467,1.48,br468712,br,G,g
68719561095,2459845.7960609,4.540858642882819,0.025820646005332376,14.757220666016659,0.006180751654756525,18.622722852301553,1.54,br469084,br,G,g
68719561095,2459846.8006694,4.412344157763836,0.02848563306498253,14.788392173385134,0.00701727778450137,18.516075922280475,1.48,br469466,br,G,g
68719561095,2459851.9228567,4.615100468272263,0.025140859895927906,14.739612722722846,0.0059212192267265856,18.65169029186309,1.50,br471117,br,G,g
68719561095,2459853.7778576,4.3723211360334,0.02678788297543512,14.798285491555276,0.006659452313273862,18.582794628878904,1.43,br471496,br,G,g
68719561095,2459855.7983622,4.419566884816593,0.02643611444196685,14.786616345261711,0.006501747286788792,18.597146553282872,1.46,br472054,br,G,g
68719561095,2459889.004875,4.552466857439042,0.04264910849977933,14.754448640389267,0.010182990471296506,18.077865717740362,1.59,br478991,br,G,g
68719561095,2459889.0061269,4.404308141296843,0.050559096948941104,14.790371381851209,0.01247767830924539,17.893142340740255,1.64,br478992,br,G,g
68719561095,2459910.6921889,4.388334859430704,0.043260459600658066,14.794316222897997,0.01071528044294861,18.062412788723258,1.59,bF411555,bF,G,g
68719561095,2459911.7115072,4.639357102619369,0.029666609628068805,14.733921116007874,0.006950599856801727,18.47197081912109,1.56,bF411890,bF,G,g
68719561095,2459912.7081057,4.6783853376886375,0.03261318961104521,14.724825647678212,0.007577212346504602,18.369157422865232,1.59,bF412192,bF,G,g
68719561095,2459914.6905006,4.736484679019989,0.06522110710061431,14.711425280175323,0.01496732545807098,17.61667019519961,1.55,bF412567,bF,G,g
68719561095,2459915.6813585,4.706787801127181,0.06720022991000385,14.718254074293977,0.015518806296208033,17.58421371420661,1.53,bF412862,bF,G,g
68719561095,2459917.6648712,4.750910096005017,0.1088130121536085,14.708123592002663,0.024895232875465283,17.06093853000808,1.48,bF413425,bF,B,g
68719561095,2459918.6671527,4.9211221619418275,0.19181422639814275,14.669905257045778,0.042367110078717844,16.4454385749358,1.62,bF413724,bF,B,g
68719561095,2459923.7038711,4.476618032196969,0.15086975094234628,14.772690522902835,0.03663231004756096,16.706135177936005,2.05,bF415012,bF,B,g
68719561095,2459924.6967764,5.132359589823327,0.12562752261631602,14.624272930146457,0.026606018660207585,16.90492862259353,1.61,bF415214,bF,B,g
68719561095,2459925.6939747,4.629331826279458,0.09041041551561411,14.736269842955823,0.021228158720439292,17.262094448406607,1.57,bF415486,bF,G,g
68719561095,2459926.6955555,4.529953368919907,0.0696092649527072,14.759831293698829,0.016702654167023486,17.545972991939966,1.64,bF415665,bF,G,g
68719561095,2459927.6704201,4.716472383007923,0.037586487904141055,14.716022382783297,0.008662168425678329,18.215061244025886,1.59,bF415902,bF,G,g
68719561095,2459928.6433578,4.548847225446886,0.036163982170331954,14.755312244408023,0.00864145888483608,18.256949995306385,1.56,bF416165,bF,G,g
68719561095,2459929.6373768,4.734909472828142,0.040194377755561714,14.711786422026416,0.009227112216056467,18.142227336970826,1.62,bF416355,bF,G,g
68719561095,2459931.6264685,4.689113310543755,0.028419938306800223,14.72233880373788,0.006587863257759079,18.5185827843465,1.54,bF416914,bF,G,g
68719561095,2459932.8214861,4.495969215318728,0.02456205279641157,14.768007300078438,0.005938182001646053,18.676978960063916,1.52,br489873,br,G,g
68719561095,2459934.6235183,4.750950870392726,0.034737217502095026,14.708114273779817,0.007947429081254988,18.300653041613742,1.57,bF417647,bF,G,g
68719561095,2459935.6201288,4.625199802520544,0.038338494411019254,14.737239376211967,0.009009832723552158,18.193552977138797,1.57,bF417947,bF,G,g
68719561095,2459936.6696344,4.71737062602605,0.028989293400537627,14.715815626116378,0.006679589970836754,18.497046537006685,1.56,bF418271,bF,G,g
68719561095,2459965.7142554,4.639424608956452,0.04532043619606647,14.73390531779718,0.010617985600256787,18.011905408517123,1.48,br492143,br,G,g
68719561095,2459970.639643,4.662737162349719,0.038284976216983076,14.728463284674508,0.008924823153168348,18.195069657337463,2.31,br493946,br,G,g
68719561095,2459970.6408832,4.775676300969614,0.04643742875536086,14.70247841652403,0.010569281261417904,17.98547019942362,2.34,br493947,br,G,g
68719561095,2459972.8219246,4.615847879980902,0.03519523613068312,14.739436902877888,0.00828790125695238,18.286430903185106,1.64,br494896,br,G,g
68719561095,2459978.6604249,4.269838072278335,0.08748444523247746,14.824037108987495,0.02227058419698602,17.297813506035503,2.20,br496447,br,G,g
68719561095,2459980.6048141,4.618602423399252,0.09255519214297676,14.738789174532975,0.021782232047283176,17.236638644595217,1.49,br497350,br,G,g
68719561095,2459980.6060544,4.631996027922869,0.16059455380303608,14.735645176535119,0.037685545617851826,16.63831357872118,1.50,br497351,br,G,g
68719561095,2460033.626853,4.656522455043114,0.06582122750576107,14.729911368321067,0.015364429828697046,17.60672566836916,1.73,br513493,br,G,g
68719561095,2460033.6280932,4.596715336807549,0.08804351751023232,14.743946597777883,0.02081909984468699,17.290897148593533,1.62,br513494,br,G,g
68719561095,2460036.6153916,4.609544626656279,0.09375420257368054,14.74092056254924,0.022107767725818902,17.222663750745404,1.76,br514670,br,G,g
68719561095,2460039.6017835,4.342328609883,0.11257722363736813,14.805758907248341,0.02817993717781274,17.024014276565257,1.66,br515909,br,G,g
68719561095,2460044.5991525,4.490655869248984,0.08275471341065439,14.769291184253925,0.0200306543332181,17.358158763934817,1.66,br517532,br,G,g
68719561095,2460047.5956453,4.580765531059594,0.09419171817371853,14.747720465409706,0.022350478684957948,17.217608813843537,2.16,br518773,br,G,g
68719561095,2460142.1201663,4.710887938361437,0.07809553289105244,14.717308688650192,0.0180192035780303,17.4210751297019,1.47,cB043844,cB,G,g
68719561095,2460147.104033,4.792006596331282,0.03189947223484989,14.698772104281772,0.007235661864959034,18.39318186676071,1.57,cB044237,cB,G,g
68719561095,2460159.074847,4.538357235299739,0.08359596801813252,14.757818926677263,0.02002160207258423,17.347177283565458,1.49,cB049186,cB,G,g
68719561095,2460160.0695838,4.608012739377891,0.045387799354382675,14.74128144459836,0.010706256103426876,18.010292795663343,1.55,cB049623,cB,G,g
68719561095,2460172.0421957,4.615229010502547,0.02280306701872905,14.739582482642339,0.0053704685846051,18.75765745230405,1.47,cB051875,cB,G,g
68719561095,2460181.020098,4.650725809140127,0.02954843934645154,14.731263782903367,0.006905990628756698,18.476304241979634,1.50,cB053600,cB,G,g
68719561095,2460186.000494,4.679509930728898,0.08347388731366173,14.724564689129247,0.01938931374302459,17.348764014625637,1.59,cB055144,cB,G,g
68719561095,2460190.8643628,4.674869495765844,0.091985229950548,14.725641893383807,0.021387537275421253,17.243345365522277,1.47,br559067,br,G,g
68719561095,2460191.8631938,4.422102500642849,0.11652621326606717,14.785993609925345,0.028642241432599958,16.986581527731744,1.66,br559443,br,G,g
68719561095,2460197.0070264,4.4795130421380005,0.025747211854651474,14.771988608830899,0.006247576372420863,18.625815095154465,1.47,cB059158,cB,G,g
68719561095,2460200.136551,4.447116414422742,0.051507701205170425,14.779869376420372,0.012589423466221045,17.872960192195382,1.44,cB060477,cB,G,g
68719561095,2460203.0884456,4.5761889182791124,0.02504797415726368,14.748805759572118,0.005949505003571702,18.655709095105635,1.51,cB061790,cB,G,g
68719561095,2460207.9606406,4.4966778159028,0.0245920581672091,14.767836192882132,0.005944499273063727,18.675653417975173,2.04,cB063795,cB,G,g
68719561095,2460210.8314795,4.56994244225672,0.03317039122401688,14.75028879670701,0.007889546427586748,18.350764126988537,1.46,br564509,br,G,g
68719561095,2460211.828096,4.64616436578681,0.040495363503769255,14.732329198219428,0.009473771480136754,18.134127357109048,1.48,br564825,br,G,g
68719561095,2460213.0486182,4.548138774428012,0.015818891027828588,14.7554813533683,0.0037805457621598905,19.15470052563919,1.47,cB065680,cB,G,g
68719561095,2460224.9093065,4.5958818365233185,0.022794626484469366,14.744143486953094,0.0053910802756070315,18.758059410957387,1.50,cB070606,cB,G,g
68719561095,2460227.8847092,4.624409838275735,0.023581354173637246,14.737424831126596,0.00554274115116761,18.721218758690863,1.49,cB071900,cB,G,g
68719561095,2460229.8942164,4.555075622091119,0.025912990790600565,14.753826643771344,0.0061834965375786415,18.618846759709477,1.46,cB072799,cB,G,g
68719561095,2460230.8530578,4.546032868001731,0.028861292354964117,14.755984193864744,0.006900735402038014,18.501851176213147,1.51,br569716,br,G,g
68719561095,2460231.9482201,4.607309393667923,0.03629866206277953,14.741447178989894,0.008563581059645836,18.25291406740979,1.59,br570307,br,G,g
68719561095,2460233.06274,4.619046399760591,0.01899808336642405,14.738684810052543,0.004470639354640089,18.95586613871435,1.54,cB074322,cB,G,g
68719561095,2460234.8860641,4.520274897811872,0.026784064496859855,14.762153504848634,0.006440562629860431,18.58294940616959,1.42,cB075134,cB,G,g
68719561095,2460235.8023042,4.412868121513094,0.024256749252444268,14.788263250386976,0.005974806196359802,18.690559114378026,1.47,br571929,br,G,g
68719561095,2460237.0741372,4.543483354569277,0.02040303552520154,14.756593268988865,0.004881103505109105,18.878403647072062,1.42,cB076183,cB,G,g
68719561095,2460238.8818094,4.5670932169951115,0.0194467725118495,14.750965932539174,0.0046282821926808704,18.9305217767998,1.56,cB076897,cB,G,g
68719561095,2460240.8892986,4.672297671925438,0.03077196180063589,14.726239362601198,0.007158744351175908,18.432252649826502,1.55,cB077791,cB,G,g
68719561095,2460243.760344,4.528581125905622,0.08933016774331189,14.760160241816118,0.021441154683350352,17.27514523768347,1.48,br573950,br,B,g
68719561095,2460244.6982222,4.637576244068336,0.11157655681886507,14.734337965532582,0.02615134710994413,17.033708223363757,1.60,br574369,br,G,g
68719561095,2460246.0545533,4.634547222528378,0.07265009758873438,14.735047343158918,0.01703888073363472,17.499550106418667,1.60,cB080373,cB,G,g
68719561095,2460251.1155561,4.609595393104952,0.04429697483991949,14.740908605041014,0.010445360512028004,18.036705441211296,1.53,cB082824,cB,G,g
68719561095,2460253.0595582,4.5624119733913435,0.0336667785986951,14.752079376477996,0.008020828626880364,18.334636704028682,1.44,cB083658,cB,G,g
68719561095,2460254.8388026,4.566673545712094,0.02026640656313327,14.751065705681674,0.0048237962634089335,18.88569873454809,1.67,cB084500,cB,G,g
68719561095,2460257.0781912,4.454645710288335,0.024002192241752245,14.77803269937766,0.005856658663775145,18.702013336849042,1.40,cB085320,cB,G,g
68719561095,2460260.0779755,4.583223393040999,0.023417465564032968,14.74713805750293,0.005553682361648621,18.72879088578793,1.44,cB086784,cB,G,g
68719561095,2460263.8519093,4.572423784728075,0.02629388028969731,14.749699434312895,0.006250580875327625,18.603003908057914,1.49,cB088203,cB,G,g
68719561095,2460265.9777745,4.566730433102577,0.017937632780789754,14.751052180669621,0.004269449931686628,19.018227789208566,1.41,cB088978,cB,G,g
68719561095,2460268.7711444,4.495539877030223,0.03633134162201334,14.768110986371692,0.008784392931615459,18.251937022629118,1.68,cB090368,cB,G,g
68719561095,2460270.6338766,4.531196800981901,0.06335988385548881,14.75953330962594,0.015198951181823208,17.648104680241374,1.44,br580830,br,B,g
68719561095,2460271.9358197,4.55024563632716,0.038485759593539344,14.754978517660344,0.009193426185679037,18.189390454813605,1.44,cB091452,cB,G,g
68719561095,2460272.8212167,4.7056233749043415,0.06156469962781304,14.718522711031305,0.014220889866844123,17.6793111991819,1.47,cB091836,cB,G,g
68719561095,2460272.8414043,4.217313886183352,0.10170549819012593,14.83747580757749,0.026213238458883455,17.13427953274673,1.48,br581836,br,B,g
68719561095,2460278.7697453,4.564246136874918,0.06616288222222412,14.751642980657685,0.015756419389280477,17.60110457163995,1.48,br583332,br,G,g
68719561095,2460279.8397504,4.377540121651911,0.05280060448619849,14.796990284204385,0.013110550629604365,17.846043375016855,1.69,br583872,br,G,g
68719561095,2460280.9215611,4.498396231536799,0.05440214754056396,14.767421355587517,0.013145300240843547,17.813600501598952,1.57,br584269,br,G,g
68719561095,2460282.798212,4.585447257730946,0.034315651174706044,14.746611366001474,0.00813434737019068,18.313910000220982,1.58,br584793,br,G,g
68719561095,2460283.8238446,4.57263024378161,0.038821943599771584,14.749650411077262,0.009228335232166608,18.1799474256502,1.48,br585397,br,G,g
68719561095,2460284.7948885,4.59504820762548,0.029451389913106567,14.744340442228317,0.006966712620600737,18.479876122772875,1.44,br585631,br,G,g
68719561095,2460286.0125001,4.573317545196429,0.022027731068530378,14.749487228857491,0.0052354085863124495,18.795216197340153,1.44,cB095105,cB,G,g
68719561095,2460286.6256878,4.654733253785656,0.035631083354970894,14.730328626888005,0.008320442078569778,18.273068043500857,1.64,br586514,br,G,g
68719561095,2460287.5899249,4.652587652589811,0.04016023135103371,14.730829212816868,0.00938239720368508,18.143150096481506,1.75,br587004,br,G,g
68719561095,2460287.9950444,4.455563385464771,0.02367415126445573,14.777809056328193,0.005775425212776899,18.71695456598893,1.68,cB095990,cB,G,g
68719561095,2460288.8228175,4.569646393900648,0.016542737006134425,14.750359134754909,0.003934929385396995,19.106122197807927,1.43,cB096341,cB,G,g
68719561095,2460290.8237408,4.563968774713935,0.019311261017978587,14.751708961168227,0.004599177194812015,18.938114026518747,1.54,cB096833,cB,G,g
68719561095,2460291.7858041,4.599876802838112,0.020766618456162903,14.74320012164573,0.004907177372982542,18.859226152168866,1.51,cB097281,cB,G,g
68719561095,2460305.9549047,4.774586116699775,0.14155689771750507,14.702726295060764,0.03222607979213798,16.775313020660523,2.07,cB100439,cB,G,g
68719561095,2460309.9350305,4.613039827554667,0.044896592727556334,14.740097611811558,0.01057884737469344,18.022107154021285,1.48,cB101375,cB,G,g
68719561095,2460310.7135771,4.442618054619137,0.0350134079646035,14.78096817921019,0.008566582062094751,18.29205465128267,1.50,br595033,br,G,g
68719561095,2460311.6130403,4.607303588892841,0.03703894458071007,14.741448546915922,0.008738239535027396,18.230994103870476,1.51,bF521729,bF,G,g
68719561095,2460311.7998226,4.635069254175436,0.021178196808247403,14.734925053598985,0.004966436934822994,18.837918161763962,1.54,cB102265,cB,G,g
68719561095,2460312.5899869,4.621246110076764,0.03787338892561906,14.73816787724488,0.008908144278076627,18.206805192194004,1.65,bF522068,bF,G,g
68719561095,2460312.9174093,4.6409448527537425,0.023107789515556264,14.733549602703649,0.005412079504027183,18.74324460398754,1.67,cB102817,cB,G,g
68719561095,2460314.8998377,4.503128434243007,0.030080459398189,14.76627978802636,0.007260763710655078,18.456929449813472,1.45,cB103776,cB,G,g
68719561095,2460316.648666,4.3951994461045745,0.030653032764329027,14.792619153918542,0.007580660282390729,18.43645698790689,1.49,br597219,br,G,g
68719561095,2460343.7186968,4.359101011683721,0.03475510662609024,14.80157329012081,0.008666302916521774,18.300094048364755,1.66,br603232,br,G,g
68719561095,2460361.7883993,4.802194548568525,0.07837641657416136,14.69646624627715,0.017740171974336645,17.417177103088257,1.55,cB117340,cB,G,g
68719561095,2460363.6517443,3.911806192667566,0.19593525046873367,14.91912229759918,0.05444367329209323,16.42235917042352,1.49,br609174,br,G,g
68719561095,2460364.7284433,5.6801519379394465,0.6405688388141327,14.514165740343522,0.12257955149426251,15.136226091187122,2.30,br609529,br,B,g
68719561095,2460371.7923856,4.541049364301748,0.025305726643785754,14.757175064773083,0.0060572397272409045,18.644593580403118,1.44,cB121038,cB,G,g
68719561095,2460382.7437647,4.620381181200422,0.07570604112592957,14.738371106517977,0.017810040321283707,17.45481427058586,1.54,cB122734,cB,B,g
68719561095,2460391.6448824,4.661292195924568,0.30654916870626986,14.728799802785879,0.07148352949216855,15.936390254557168,1.53,br615857,br,B,g
68719561095,2460396.6325971,4.69583023944383,0.16302983805284563,14.720784651792695,0.03773695740129715,16.62197286859512,1.56,br617125,br,G,g
68719561095,2460397.6469233,4.63047237608481,0.0673538507445181,14.736002378072936,0.01581063472252038,17.581734535968444,1.41,br617560,br,G,g
68719561095,2460399.618445,4.409328164278773,0.040516960314165754,14.789134566284822,0.009987955673453843,18.133548471369075,1.42,br618273,br,G,g
68719561095,2460402.6128411,4.5928212176598215,0.0422794834109551,14.744866771798051,0.0100060416139418,18.087316430767988,1.68,br618765,br,B,g
68719561095,2460403.6096425,4.185480972263577,0.04774113199607403,14.845702192505817,0.012398224988292562,17.955408830430404,1.65,br619185,br,G,g
68719561095,2460404.6063532,4.543668427848445,0.03499766541101658,14.75654904374325,0.008372296805592813,18.29254292434716,1.57,br619614,br,G,g
68719561095,2460405.603149,4.414998100851405,0.03876817054058767,14.78773931953673,0.00954458299695764,18.181452343311186,1.69,br620042,br,G,g
